rank,ema,atr_period,sl_mult,tp_mult,hours,tr_trades,tr_wr,tr_pf,tr_dd,tr_monthly,te_trades,te_wr,te_pf,te_dd,te_monthly,score
1,5/50/100,14,2.0,4.0,6-17h,150,44.7,1.552,-5.0%,3.48,56,35.7,1.094,-8.6%,0.58,0.6881
2,5/50/150,14,2.0,4.0,6-17h,131,45.8,1.619,-5.0%,3.32,49,36.7,1.146,-7.8%,0.77,0.6858
3,5/26/100,14,1.5,3.0,6-17h,203,42.4,1.423,-7.8%,3.79,84,29.8,0.838,-18.4%,-1.56,0.6856
4,5/50/150,20,2.5,4.0,6-17h,120,52.5,1.694,-4.9%,2.91,45,44.4,1.271,-8.0%,1.14,0.6673
5,5/26/100,10,1.5,3.0,6-17h,203,41.9,1.397,-7.8%,3.52,84,29.8,0.838,-18.4%,-1.56,0.6632
6,12/26/150,14,2.0,4.0,0-23h,206,41.7,1.426,-10.7%,3.52,70,40.0,1.335,-14.1%,2.36,0.6598
7,5/50/100,14,2.5,4.0,6-17h,138,50.7,1.585,-4.9%,2.92,49,38.8,1.0,-5.2%,0.0,0.6535
8,12/26/150,20,2.0,4.0,0-23h,205,41.5,1.419,-7.9%,3.34,72,40.3,1.351,-13.2%,2.55,0.6533
9,5/50/200,14,2.0,4.0,6-17h,124,45.2,1.601,-5.9%,2.9,45,35.6,1.087,-6.9%,0.43,0.6518
10,12/26/80,10,2.0,3.5,0-23h,241,44.0,1.371,-9.4%,3.39,83,42.2,1.271,-11.5%,2.22,0.6466
0,5/50/150,14,2.5,4.0,6-17h,120,51.7,1.639,-5.3%,2.7,44,40.9,1.095,-7.0%,0.41,0.6443
0,12/26/150,10,2.0,3.5,0-23h,205,44.9,1.409,-7.4%,3.2,71,45.1,1.438,-11.8%,2.96,0.6434
0,5/42/100,20,2.5,3.0,7-16h,127,59.1,1.718,-3.9%,2.46,49,46.9,1.05,-4.5%,0.22,0.6414
0,5/50/100,20,2.5,4.0,6-17h,137,50.4,1.563,-5.0%,2.78,50,42.0,1.145,-5.0%,0.71,0.6405
0,5/50/200,20,2.5,4.0,6-17h,114,51.8,1.675,-4.9%,2.56,43,39.5,1.033,-8.0%,0.14,0.6403
0,12/26/80,14,1.5,3.5,7-16h,132,40.2,1.561,-9.0%,2.92,56,30.4,1.0,-7.4%,0.0,0.64
0,5/50/80,14,2.0,3.0,6-17h,183,49.7,1.475,-5.5%,2.94,67,37.3,0.881,-8.6%,-0.81,0.6388
0,9/42/80,10,2.0,3.0,7-16h,133,52.6,1.603,-7.3%,2.76,49,40.8,1.021,-6.4%,0.11,0.6387
0,12/26/80,20,2.0,4.0,0-23h,240,40.4,1.358,-12.3%,3.4,88,38.6,1.257,-15.8%,2.33,0.6383
0,5/26/80,14,1.5,3.0,6-17h,206,41.3,1.364,-8.8%,3.25,92,29.3,0.823,-21.6%,-1.87,0.6375
0,5/50/100,20,2.0,4.0,6-17h,153,43.1,1.476,-6.8%,2.96,57,36.8,1.15,-6.9%,0.93,0.637
0,5/50/100,10,2.0,3.0,6-17h,162,50.6,1.511,-5.4%,2.83,59,39.0,0.947,-8.6%,-0.32,0.6361
0,5/42/100,10,2.5,3.0,7-16h,123,59.3,1.725,-5.7%,2.43,48,50.0,1.186,-4.5%,0.77,0.6359
0,5/26/100,20,1.5,3.0,6-17h,198,41.4,1.367,-7.8%,3.17,84,29.8,0.838,-18.4%,-1.56,0.6348
0,12/26/80,14,2.0,4.0,0-23h,240,40.4,1.346,-13.2%,3.4,83,38.6,1.252,-16.7%,2.15,0.6344
0,5/50/150,20,2.0,4.0,6-17h,134,44.0,1.528,-6.8%,2.81,50,40.0,1.321,-7.8%,1.65,0.6335
0,5/50/100,14,2.0,3.0,6-17h,161,50.3,1.504,-4.4%,2.7,58,39.7,0.974,-8.6%,-0.15,0.6284
0,9/42/80,14,2.0,3.0,7-16h,132,52.3,1.584,-7.3%,2.64,49,42.9,1.11,-4.5%,0.53,0.6278
0,5/42/100,14,2.0,3.0,6-17h,161,50.3,1.499,-4.9%,2.7,61,37.7,0.899,-9.7%,-0.65,0.6265
0,5/50/200,14,2.0,4.0,7-16h,110,45.5,1.596,-6.8%,2.58,41,34.1,1.022,-6.9%,0.1,0.6264
0,5/42/80,14,2.0,3.0,6-17h,175,49.7,1.451,-5.9%,2.78,65,35.4,0.814,-12.0%,-1.28,0.6233
0,5/42/100,10,2.0,3.0,6-17h,161,50.3,1.493,-5.9%,2.7,61,37.7,0.899,-9.7%,-0.65,0.6233
0,5/42/100,14,2.0,3.0,7-16h,133,51.9,1.573,-6.3%,2.56,55,41.8,1.063,-8.6%,0.35,0.6231
0,5/50/150,10,2.0,4.0,6-17h,130,43.8,1.514,-5.9%,2.65,50,38.0,1.21,-7.8%,1.12,0.6227
0,9/42/80,10,1.5,3.0,6-17h,171,42.1,1.41,-8.8%,2.94,61,32.8,0.961,-9.9%,-0.27,0.6219
0,5/50/80,10,2.0,3.0,6-17h,185,49.2,1.436,-5.5%,2.77,67,35.8,0.826,-10.3%,-1.2,0.6217
0,12/26/80,14,2.0,3.5,0-23h,244,43.4,1.342,-10.3%,3.12,88,43.2,1.328,-11.5%,2.83,0.6216
0,9/42/80,14,1.5,3.0,6-17h,171,42.1,1.406,-8.8%,2.94,61,31.1,0.892,-10.0%,-0.75,0.6214
0,9/42/80,10,1.5,3.0,7-16h,143,43.4,1.475,-9.6%,2.8,55,34.5,1.04,-7.8%,0.24,0.6186
0,9/42/80,14,1.5,3.0,7-16h,143,43.4,1.471,-9.6%,2.8,55,32.7,0.959,-7.8%,-0.26,0.618
0,5/50/200,14,2.5,4.0,6-17h,114,50.9,1.616,-4.9%,2.35,42,38.1,0.972,-7.3%,-0.12,0.6177
0,5/50/200,20,1.5,2.5,7-16h,126,49.2,1.545,-6.7%,2.54,43,32.6,0.797,-9.7%,-0.97,0.6172
0,5/26/80,10,1.5,3.0,6-17h,206,40.8,1.339,-8.8%,3.0,92,29.3,0.823,-21.6%,-1.87,0.6166
0,5/42/100,14,2.5,3.0,7-16h,123,58.5,1.669,-5.7%,2.26,50,46.0,1.011,-5.2%,0.05,0.6166
0,12/26/150,10,2.0,4.0,0-23h,203,40.9,1.373,-10.7%,3.0,70,40.0,1.335,-14.1%,2.36,0.6164
0,5/50/150,14,2.0,3.5,6-17h,136,47.1,1.499,-5.7%,2.58,50,42.0,1.25,-7.7%,1.26,0.6163
0,5/50/150,20,2.5,4.0,7-16h,109,51.4,1.615,-5.3%,2.34,41,43.9,1.243,-7.0%,0.94,0.6159
0,5/50/100,14,2.0,4.0,7-16h,132,43.9,1.489,-9.6%,2.73,50,34.0,1.015,-8.6%,0.08,0.6157
0,5/50/100,20,2.5,4.0,7-16h,125,50.4,1.547,-6.2%,2.5,46,41.3,1.113,-6.7%,0.51,0.6156
0,5/50/150,10,2.0,3.5,6-17h,136,47.1,1.494,-5.7%,2.58,51,41.2,1.208,-7.7%,1.08,0.6156
0,5/50/150,14,2.0,4.0,7-16h,116,44.8,1.547,-8.7%,2.58,44,36.4,1.128,-7.7%,0.6,0.6152
0,5/50/80,14,1.5,3.0,6-17h,207,40.6,1.336,-6.8%,2.91,71,29.6,0.828,-11.8%,-1.39,0.6148
0,5/50/200,20,2.5,4.0,7-16h,105,51.4,1.637,-4.9%,2.25,39,38.5,0.987,-8.7%,-0.05,0.6135
0,5/42/80,14,2.0,3.0,7-16h,145,51.0,1.52,-8.2%,2.59,58,37.9,0.907,-9.3%,-0.56,0.6134
0,5/50/80,14,2.0,4.0,6-17h,170,41.8,1.407,-7.7%,2.78,63,34.9,1.058,-8.6%,0.4,0.6129
0,5/42/100,10,2.0,3.0,7-16h,134,51.5,1.545,-7.3%,2.48,55,41.8,1.063,-8.6%,0.35,0.6114
0,12/26/80,10,2.0,4.0,0-23h,234,40.2,1.324,-14.1%,3.14,82,37.8,1.21,-16.7%,1.78,0.611
0,5/42/100,20,2.5,3.0,6-17h,150,56.7,1.568,-5.6%,2.37,55,41.8,0.853,-8.5%,-0.77,0.6109
0,5/50/200,20,2.0,4.0,6-17h,126,43.7,1.521,-6.8%,2.49,46,39.1,1.27,-6.9%,1.3,0.6101
0,12/26/100,20,2.0,4.0,0-23h,218,40.4,1.344,-11.4%,2.99,79,41.8,1.437,-11.5%,3.52,0.61
0,5/50/80,14,2.0,3.0,7-16h,158,50.0,1.484,-6.3%,2.54,59,35.6,0.817,-10.7%,-1.12,0.6098
0,5/50/100,14,2.0,3.5,6-17h,155,45.8,1.429,-5.0%,2.59,57,40.4,1.165,-8.6%,0.98,0.6094
0,9/26/80,14,1.5,3.0,6-17h,179,41.3,1.382,-7.8%,2.77,70,35.7,1.092,-6.9%,0.73,0.6086
0,5/50/80,10,1.5,3.0,6-17h,211,40.3,1.324,-6.8%,2.83,71,31.0,0.883,-11.8%,-0.92,0.6076
0,5/26/80,20,1.5,3.0,6-17h,199,40.7,1.331,-7.8%,2.84,92,29.3,0.823,-21.6%,-1.87,0.6067
0,5/42/100,10,2.5,3.0,6-17h,146,56.8,1.566,-6.7%,2.34,53,45.3,0.982,-6.5%,-0.09,0.6058
0,5/50/200,10,2.0,4.0,6-17h,124,43.5,1.51,-5.9%,2.41,46,37.0,1.155,-6.9%,0.77,0.6054
0,5/42/100,14,2.0,4.0,6-17h,149,42.3,1.415,-5.0%,2.55,59,32.2,0.936,-8.9%,-0.42,0.6048
0,5/42/100,20,2.5,4.0,7-16h,120,50.0,1.548,-4.8%,2.29,49,42.9,1.187,-5.9%,0.89,0.6048
0,5/50/80,10,2.0,4.0,6-17h,171,41.5,1.387,-7.7%,2.7,63,34.9,1.058,-8.6%,0.4,0.6046
0,5/50/200,14,2.0,3.5,6-17h,128,46.9,1.5,-4.0%,2.35,46,41.3,1.213,-6.8%,1.0,0.6044
0,5/50/100,10,2.0,4.0,6-17h,149,42.3,1.425,-5.9%,2.55,57,36.8,1.148,-8.6%,0.93,0.6038
0,5/50/200,10,2.0,3.5,6-17h,128,46.9,1.495,-4.0%,2.35,47,40.4,1.169,-6.8%,0.82,0.6038
0,5/42/200,10,2.0,3.0,7-16h,113,52.2,1.58,-3.9%,2.18,47,44.7,1.192,-7.7%,0.88,0.6034
0,5/26/100,20,1.5,2.5,6-17h,205,45.4,1.346,-8.4%,2.78,84,32.1,0.782,-16.4%,-1.98,0.603
0,12/26/100,14,2.0,4.0,0-23h,221,40.3,1.331,-13.4%,2.98,75,41.3,1.411,-13.3%,3.13,0.6027
0,5/50/200,20,2.0,4.0,7-16h,113,44.2,1.541,-6.8%,2.34,42,38.1,1.216,-5.9%,0.95,0.6023
0,5/42/100,14,2.5,3.0,6-17h,147,56.5,1.55,-5.4%,2.27,55,41.8,0.855,-7.2%,-0.77,0.6021
0,5/50/100,14,2.0,3.0,7-16h,140,50.7,1.506,-6.8%,2.4,51,39.2,0.956,-8.6%,-0.23,0.6018
0,5/42/80,10,2.0,3.0,6-17h,175,49.1,1.413,-6.8%,2.57,64,32.8,0.725,-14.6%,-1.88,0.6012
0,5/34/80,14,1.5,3.0,6-17h,191,40.8,1.336,-8.7%,2.76,72,27.8,0.757,-16.9%,-1.98,0.5996
0,5/34/80,20,1.5,3.0,7-16h,161,42.2,1.387,-12.3%,2.79,62,30.6,0.872,-13.3%,-0.91,0.5994
0,5/50/100,10,2.0,3.5,6-17h,156,45.5,1.407,-5.9%,2.51,58,39.7,1.132,-8.6%,0.81,0.5984
0,5/34/80,20,1.5,3.0,6-17h,187,41.2,1.338,-11.8%,2.85,73,30.1,0.851,-14.2%,-1.24,0.5983
0,5/26/200,14,1.5,3.0,6-17h,179,41.3,1.372,-11.5%,2.77,68,32.4,0.943,-16.7%,-0.44,0.5982
0,5/42/100,20,2.5,4.0,6-17h,140,48.6,1.472,-5.4%,2.33,53,39.6,1.037,-7.4%,0.2,0.5959
0,5/50/150,20,2.5,3.5,6-17h,124,53.2,1.543,-4.8%,2.17,46,45.7,1.165,-7.6%,0.69,0.5957
0,5/50/150,14,2.5,4.0,7-16h,109,50.5,1.561,-5.3%,2.14,41,39.0,1.011,-7.8%,0.05,0.5947
0,12/26/80,20,2.0,4.0,6-17h,146,42.5,1.461,-11.4%,2.55,55,36.4,1.129,-11.4%,0.76,0.5947
0,5/42/100,20,2.5,2.5,7-16h,134,61.9,1.603,-4.0%,2.01,50,48.0,0.915,-5.9%,-0.37,0.5944
0,5/50/200,14,2.0,3.5,7-16h,113,47.8,1.536,-7.0%,2.24,42,40.5,1.173,-6.8%,0.74,0.594
0,5/50/200,14,1.5,3.0,7-16h,125,43.2,1.473,-6.8%,2.34,43,27.9,0.765,-10.7%,-1.19,0.5932
0,5/50/100,14,2.5,3.0,6-17h,146,56.2,1.529,-5.3%,2.17,52,44.2,0.942,-5.0%,-0.28,0.5925
0,5/50/100,14,2.5,4.0,7-16h,123,49.6,1.504,-6.2%,2.25,46,37.0,0.925,-8.2%,-0.36,0.5924
0,5/50/80,20,2.0,3.0,6-17h,186,48.4,1.41,-8.3%,2.49,67,38.8,0.938,-8.8%,-0.41,0.5916
0,5/42/80,20,2.5,3.0,7-16h,136,56.6,1.548,-4.9%,2.1,51,43.1,0.9,-6.5%,-0.48,0.5912
0,5/42/80,10,2.0,3.5,6-17h,167,44.9,1.382,-7.3%,2.5,62,33.9,0.885,-10.2%,-0.78,0.591
0,5/50/200,14,2.5,4.0,7-16h,105,50.5,1.578,-5.1%,2.05,39,35.9,0.883,-10.2%,-0.48,0.591
0,5/50/80,14,1.5,3.0,7-16h,178,41.0,1.351,-8.8%,2.61,62,29.0,0.807,-12.6%,-1.37,0.5909
0,5/26/80,20,1.5,2.5,6-17h,207,44.9,1.33,-8.0%,2.62,92,31.5,0.762,-19.7%,-2.38,0.5907
0,5/50/100,20,2.0,4.0,7-16h,136,42.6,1.435,-7.8%,2.4,51,37.3,1.171,-6.8%,0.94,0.59
0,5/26/100,10,1.5,3.0,7-16h,172,41.3,1.36,-9.7%,2.61,73,27.4,0.751,-20.1%,-2.13,0.5898
0,5/26/100,14,1.5,3.0,7-16h,172,41.3,1.36,-9.7%,2.61,73,27.4,0.751,-20.1%,-2.13,0.5898
0,9/42/80,20,2.0,3.0,7-16h,132,50.8,1.504,-7.3%,2.25,49,44.9,1.205,-4.0%,0.96,0.5898
0,5/50/100,10,2.0,3.0,7-16h,141,50.4,1.475,-7.7%,2.32,52,38.5,0.927,-8.6%,-0.39,0.5897
0,9/42/150,20,2.0,4.0,6-17h,108,44.4,1.517,-8.6%,2.27,42,38.1,1.217,-8.6%,0.95,0.5895
0,5/42/80,14,2.0,3.5,6-17h,165,44.8,1.381,-6.4%,2.44,63,34.9,0.927,-8.7%,-0.5,0.589
0,5/42/100,20,2.0,3.0,7-16h,137,50.4,1.503,-7.3%,2.24,55,41.8,1.064,-6.8%,0.35,0.589
0,9/26/80,20,2.0,3.5,6-17h,162,45.1,1.395,-7.8%,2.46,64,42.2,1.258,-5.7%,1.69,0.5887
0,5/42/100,10,3.0,3.0,7-16h,116,62.9,1.668,-5.9%,1.87,45,55.6,1.237,-5.0%,0.82,0.5886
0,5/50/150,20,2.0,4.0,7-16h,120,43.3,1.479,-6.8%,2.26,45,40.0,1.321,-5.9%,1.48,0.5884
0,5/42/100,20,3.0,3.0,7-16h,118,62.7,1.661,-5.9%,1.87,48,47.9,0.911,-5.0%,-0.37,0.5876
0,5/50/100,14,1.5,3.0,6-17h,182,40.7,1.331,-6.8%,2.53,60,28.3,0.781,-12.5%,-1.52,0.5876
0,12/26/150,20,2.0,4.0,6-17h,120,43.3,1.521,-9.6%,2.26,46,41.3,1.397,-6.9%,1.85,0.587
0,5/50/80,14,2.0,3.5,6-17h,176,44.3,1.368,-6.4%,2.43,66,37.9,1.053,-8.6%,0.37,0.5866
0,5/42/80,20,2.0,3.0,7-16h,149,49.7,1.46,-6.8%,2.27,58,39.7,0.974,-7.4%,-0.15,0.5865
0,5/42/100,10,2.0,3.5,6-17h,155,45.2,1.395,-6.4%,2.37,60,35.0,0.93,-9.1%,-0.46,0.586
0,5/50/200,10,2.0,3.0,6-17h,131,50.4,1.484,-4.5%,2.13,48,39.6,0.971,-7.3%,-0.14,0.5858
0,5/42/100,14,2.5,4.0,6-17h,139,48.2,1.447,-4.9%,2.21,52,36.5,0.909,-7.8%,-0.49,0.5854
0,5/26/100,14,1.5,2.5,6-17h,205,44.9,1.324,-8.4%,2.57,84,32.1,0.782,-16.4%,-1.98,0.5853
0,5/42/100,10,2.5,2.5,7-16h,129,62.0,1.6,-5.9%,1.94,49,49.0,0.951,-6.0%,-0.21,0.5844
0,12/26/100,20,2.0,4.0,6-17h,131,42.7,1.482,-10.5%,2.33,49,38.8,1.253,-7.8%,1.3,0.5844
0,5/50/80,20,1.5,3.0,7-16h,176,40.9,1.342,-8.8%,2.53,61,31.1,0.892,-9.9%,-0.75,0.5841
0,5/42/100,14,2.0,3.5,6-17h,153,45.1,1.394,-5.4%,2.31,60,35.0,0.93,-9.1%,-0.46,0.584
0,5/42/80,10,2.0,3.0,7-16h,146,50.0,1.457,-9.1%,2.31,57,36.8,0.867,-10.6%,-0.8,0.5832
0,5/34/100,14,1.5,3.0,6-17h,185,40.5,1.32,-7.8%,2.52,64,28.1,0.768,-16.8%,-1.68,0.583
0,5/34/100,20,1.5,3.0,7-16h,155,41.9,1.373,-11.4%,2.55,56,30.4,0.86,-15.9%,-0.9,0.583
0,5/50/200,20,2.5,3.5,6-17h,117,53.0,1.547,-4.8%,1.98,44,40.9,0.958,-8.0%,-0.18,0.583
0,12/26/80,20,2.0,4.0,7-16h,123,43.1,1.491,-9.6%,2.26,50,40.0,1.318,-6.9%,1.65,0.583
0,5/42/100,20,2.5,2.5,6-17h,155,60.6,1.532,-6.9%,2.08,56,42.9,0.744,-10.6%,-1.33,0.5827
0,5/42/200,10,2.0,3.5,7-16h,110,47.3,1.507,-5.2%,2.06,47,40.4,1.17,-7.7%,0.82,0.5822
0,12/26/80,10,2.0,3.5,6-17h,145,45.5,1.452,-9.0%,2.3,54,38.9,1.099,-6.2%,0.55,0.5821
0,5/50/100,10,2.5,3.0,6-17h,145,55.9,1.504,-5.7%,2.08,50,48.0,1.096,-5.0%,0.42,0.5818
0,5/50/150,10,2.0,3.0,6-17h,140,50.0,1.453,-6.4%,2.2,52,40.4,1.004,-8.2%,0.02,0.5818
0,5/42/100,14,1.5,3.0,6-17h,183,40.4,1.331,-6.9%,2.45,64,32.8,0.963,-8.7%,-0.27,0.5817
0,12/26/80,20,2.0,3.5,6-17h,148,45.3,1.441,-8.1%,2.28,56,37.5,1.037,-10.1%,0.21,0.5816
0,9/42/80,10,2.0,3.5,7-16h,129,46.5,1.453,-8.5%,2.27,47,38.3,1.07,-8.2%,0.35,0.5814
0,9/42/80,14,2.0,3.5,7-16h,129,46.5,1.451,-8.5%,2.27,46,41.3,1.212,-5.9%,1.0,0.5812
0,5/26/150,14,1.5,3.0,6-17h,186,40.9,1.339,-14.1%,2.68,77,31.2,0.893,-19.2%,-0.93,0.581
0,5/42/200,10,2.5,3.0,7-16h,109,57.8,1.611,-5.0%,1.83,41,51.2,1.244,-3.9%,0.85,0.5805
0,5/50/200,10,2.0,3.5,7-16h,112,47.3,1.501,-7.0%,2.11,43,39.5,1.128,-6.8%,0.57,0.5802
0,5/34/100,20,1.5,3.0,6-17h,182,40.7,1.312,-9.1%,2.53,64,29.7,0.831,-15.1%,-1.22,0.5792
0,9/26/100,14,1.5,3.0,6-17h,172,40.7,1.347,-6.9%,2.38,66,34.8,1.053,-8.9%,0.39,0.579
0,9/42/100,20,2.0,4.0,7-16h,107,43.9,1.501,-7.8%,2.12,42,40.5,1.337,-3.9%,1.49,0.579
0,5/42/100,14,3.0,3.0,7-16h,117,62.4,1.632,-5.9%,1.8,45,55.6,1.237,-5.0%,0.82,0.5789
0,9/26/150,20,2.0,3.5,6-17h,143,45.5,1.419,-6.9%,2.24,56,41.1,1.207,-7.7%,1.16,0.5788
0,5/50/80,10,2.0,3.0,7-16h,159,49.1,1.419,-7.8%,2.27,59,33.9,0.759,-12.9%,-1.5,0.5787
0,5/42/200,14,2.0,3.0,7-16h,113,51.3,1.521,-5.4%,1.99,47,44.7,1.192,-7.7%,0.88,0.5786
0,5/26/100,20,1.5,2.5,7-16h,173,45.7,1.361,-7.8%,2.38,73,30.1,0.716,-18.2%,-2.31,0.5784
0,5/50/80,10,2.0,3.5,6-17h,177,44.1,1.349,-6.4%,2.35,66,36.4,0.986,-8.6%,-0.1,0.5784
0,5/50/200,20,1.5,3.0,7-16h,124,42.7,1.444,-6.8%,2.18,43,32.6,0.952,-7.8%,-0.24,0.5782
0,5/50/200,14,2.0,3.0,7-16h,115,51.3,1.529,-7.3%,2.03,42,40.5,1.007,-6.8%,0.03,0.5778
0,9/26/100,20,2.0,3.5,6-17h,156,44.9,1.385,-6.9%,2.29,59,40.7,1.184,-8.2%,1.11,0.5778
0,5/50/200,14,1.5,3.0,6-17h,141,41.8,1.404,-6.8%,2.25,48,27.1,0.735,-11.7%,-1.5,0.5777
0,5/26/200,10,1.5,3.0,6-17h,179,40.8,1.343,-11.5%,2.53,68,32.4,0.943,-16.7%,-0.44,0.5775
0,5/42/80,20,2.0,3.0,6-17h,181,48.1,1.373,-6.4%,2.29,66,37.9,0.904,-8.8%,-0.65,0.5774
0,12/26/80,14,2.0,3.5,6-17h,146,45.2,1.437,-8.1%,2.22,55,40.0,1.152,-6.2%,0.86,0.5768
0,5/50/200,10,2.0,3.0,7-16h,115,51.3,1.521,-7.3%,2.03,43,39.5,0.969,-6.8%,-0.14,0.5767
0,5/42/80,10,2.5,3.0,7-16h,131,56.5,1.534,-6.6%,1.98,50,44.0,0.932,-7.3%,-0.31,0.5766
0,5/50/200,14,1.5,2.5,7-16h,126,47.6,1.461,-6.7%,2.12,43,30.2,0.718,-12.1%,-1.38,0.5766
0,5/42/80,14,2.0,4.0,6-17h,161,41.0,1.348,-6.0%,2.31,61,31.1,0.89,-9.9%,-0.75,0.5764
0,9/26/80,10,2.0,3.5,6-17h,161,44.7,1.371,-7.8%,2.33,64,40.6,1.173,-6.6%,1.19,0.5764
0,5/34/80,20,1.5,2.5,6-17h,195,45.1,1.32,-10.6%,2.52,73,31.5,0.757,-15.0%,-1.92,0.576
0,5/26/100,20,1.5,3.0,7-16h,168,41.1,1.349,-10.6%,2.46,73,27.4,0.751,-20.1%,-2.13,0.5756
0,12/26/150,20,2.0,4.0,7-16h,100,44.0,1.553,-7.8%,1.97,42,47.6,1.81,-4.9%,3.19,0.5756
0,5/42/80,20,2.5,3.0,6-17h,162,54.9,1.446,-6.3%,2.12,58,39.7,0.779,-9.7%,-1.24,0.5754
0,5/42/100,14,2.5,2.5,7-16h,130,61.5,1.572,-5.9%,1.86,51,45.1,0.816,-7.9%,-0.85,0.5752
0,12/26/150,14,2.0,3.5,0-23h,206,43.2,1.322,-8.5%,2.43,72,45.8,1.486,-11.8%,3.3,0.5752
0,5/50/100,20,2.5,3.0,6-17h,146,55.5,1.482,-5.3%,2.01,51,45.1,0.975,-7.1%,-0.12,0.575
0,5/50/150,14,2.5,3.5,6-17h,124,52.4,1.495,-5.5%,1.99,46,47.8,1.269,-5.3%,1.11,0.5749
0,5/42/150,20,2.5,4.0,7-16h,107,49.5,1.529,-4.9%,1.9,44,45.5,1.323,-5.9%,1.32,0.5746
0,5/34/80,20,1.5,2.5,7-16h,167,46.1,1.361,-10.8%,2.43,62,32.3,0.784,-13.4%,-1.46,0.5745
0,5/50/100,14,2.5,3.5,6-17h,142,51.4,1.44,-5.1%,2.07,51,45.1,1.135,-4.9%,0.65,0.5741
0,9/42/200,20,2.0,4.0,6-17h,102,44.1,1.513,-8.6%,2.05,38,39.5,1.288,-7.7%,1.14,0.5736
0,5/26/200,14,1.5,3.0,7-16h,152,41.4,1.374,-8.7%,2.31,58,29.3,0.821,-18.3%,-1.21,0.5731
0,5/42/150,20,2.5,4.0,6-17h,126,48.4,1.469,-5.9%,2.02,48,41.7,1.132,-7.4%,0.61,0.5726
0,5/42/200,20,2.5,4.0,7-16h,105,49.5,1.53,-4.9%,1.86,42,42.9,1.186,-5.9%,0.76,0.572
0,5/50/150,14,2.0,3.5,7-16h,120,46.7,1.468,-8.9%,2.12,45,42.2,1.262,-7.7%,1.18,0.5719
0,9/42/80,10,2.0,3.0,6-17h,162,48.8,1.403,-8.8%,2.23,54,38.9,0.943,-7.3%,-0.31,0.5713
0,5/50/100,20,2.5,3.0,7-16h,132,56.1,1.498,-4.9%,1.91,46,45.7,0.997,-7.4%,-0.01,0.5712
0,5/50/200,20,2.0,3.5,7-16h,116,46.6,1.481,-6.8%,2.01,42,38.1,1.063,-6.6%,0.27,0.5712
0,9/42/100,14,2.0,4.0,7-16h,108,43.5,1.482,-7.8%,2.04,40,40.0,1.308,-5.9%,1.31,0.5709
0,5/50/100,20,2.0,2.5,6-17h,167,53.3,1.411,-5.0%,2.07,58,39.7,0.813,-9.3%,-1.07,0.5707
0,5/50/150,20,2.0,3.5,6-17h,139,45.3,1.413,-6.9%,2.13,51,39.2,1.116,-8.5%,0.6,0.5703
0,9/34/80,10,2.0,3.0,7-16h,135,49.6,1.458,-6.3%,2.02,53,34.0,0.768,-11.6%,-1.34,0.57
0,5/26/200,20,1.5,3.0,6-17h,177,40.7,1.328,-11.5%,2.45,68,32.4,0.943,-16.7%,-0.44,0.5699
0,5/42/150,10,2.5,3.0,7-16h,112,57.1,1.563,-5.0%,1.77,44,52.3,1.299,-3.9%,1.09,0.5699
0,5/50/100,20,2.5,2.5,6-17h,151,60.3,1.495,-5.9%,1.93,51,45.1,0.813,-8.7%,-0.85,0.5696
0,5/42/150,10,2.0,3.0,7-16h,119,50.4,1.476,-4.4%,1.91,50,44.0,1.16,-8.6%,0.79,0.5694
0,5/42/200,14,2.0,3.5,7-16h,109,46.8,1.479,-5.2%,1.93,47,40.4,1.17,-7.7%,0.82,0.5694
0,5/50/80,10,1.5,3.0,7-16h,181,40.3,1.315,-8.8%,2.37,62,30.6,0.87,-12.6%,-0.91,0.5693
0,9/26/80,14,2.0,3.5,6-17h,162,44.4,1.358,-7.8%,2.25,63,42.9,1.284,-5.2%,1.88,0.569
0,5/42/100,10,1.5,3.0,6-17h,185,40.0,1.316,-6.9%,2.29,64,32.8,0.962,-9.0%,-0.27,0.5685
0,9/42/80,14,2.0,3.0,6-17h,160,48.8,1.404,-8.8%,2.19,54,40.7,1.018,-5.5%,0.1,0.5684
0,5/34/80,14,2.0,3.0,7-16h,148,49.3,1.41,-8.4%,2.16,58,37.9,0.906,-11.1%,-0.56,0.5682
0,5/42/80,14,2.5,3.0,7-16h,132,56.1,1.505,-6.6%,1.91,52,40.4,0.805,-9.2%,-0.99,0.5678
0,5/50/100,14,2.5,3.0,7-16h,130,56.2,1.507,-6.4%,1.9,47,42.6,0.879,-7.4%,-0.54,0.5678
0,5/50/200,14,2.0,3.0,6-17h,131,49.6,1.447,-4.5%,1.94,47,40.4,1.005,-7.3%,0.02,0.5675
0,5/26/100,10,1.5,2.5,6-17h,205,44.4,1.3,-8.4%,2.36,84,32.1,0.782,-16.4%,-1.98,0.5674
0,9/42/80,20,2.0,4.0,7-16h,127,42.5,1.415,-9.7%,2.18,46,37.0,1.157,-5.0%,0.77,0.5671
0,5/50/100,10,1.5,3.0,6-17h,185,40.0,1.304,-6.9%,2.29,60,30.0,0.844,-12.5%,-1.06,0.567
0,5/42/100,14,2.5,4.0,7-16h,117,48.7,1.468,-5.3%,1.92,49,38.8,1.0,-7.2%,0.0,0.5669
0,5/26/200,20,1.5,3.0,7-16h,150,41.3,1.364,-8.7%,2.24,58,29.3,0.821,-18.3%,-1.21,0.5668
0,5/50/200,20,1.5,2.5,6-17h,142,46.5,1.396,-6.9%,2.11,48,31.2,0.752,-11.6%,-1.34,0.5667
0,5/50/150,20,1.5,2.5,7-16h,134,47.0,1.419,-8.5%,2.12,46,34.8,0.878,-9.7%,-0.61,0.5664
0,5/42/80,14,2.5,3.0,6-17h,159,54.7,1.43,-6.3%,2.02,59,39.0,0.76,-10.0%,-1.4,0.5662
0,5/50/80,14,2.0,4.0,7-16h,147,41.5,1.376,-9.6%,2.24,56,32.1,0.932,-9.8%,-0.42,0.5662
0,5/42/100,20,2.5,3.5,7-16h,123,52.0,1.474,-5.1%,1.89,49,44.9,1.128,-6.1%,0.59,0.566
0,5/50/200,10,2.0,4.0,7-16h,109,43.1,1.463,-6.8%,1.97,42,35.7,1.095,-6.9%,0.43,0.5659
0,9/42/200,14,2.0,3.5,7-16h,88,48.9,1.577,-10.1%,1.87,35,42.9,1.289,-4.9%,1.02,0.5658
0,5/42/200,20,2.5,3.0,7-16h,111,56.8,1.55,-3.8%,1.69,42,47.6,1.079,-3.9%,0.29,0.5654
0,5/34/80,10,2.0,3.0,7-16h,146,49.3,1.409,-8.4%,2.12,54,40.7,1.019,-9.3%,0.1,0.5652
0,5/50/80,14,2.5,3.0,6-17h,165,54.5,1.433,-8.1%,2.06,58,39.7,0.778,-9.6%,-1.24,0.5649
0,5/34/80,10,2.0,3.0,6-17h,169,48.5,1.368,-10.3%,2.26,63,38.1,0.911,-12.3%,-0.57,0.5648
0,5/42/150,20,2.5,3.0,7-16h,113,56.6,1.54,-3.8%,1.7,44,50.0,1.188,-3.9%,0.7,0.5648
0,5/50/200,20,2.5,3.5,7-16h,108,52.8,1.521,-4.8%,1.77,39,41.0,0.962,-8.7%,-0.14,0.5648
0,12/26/80,14,2.0,4.0,6-17h,144,41.7,1.413,-12.3%,2.24,54,35.2,1.071,-11.5%,0.41,0.5644
0,5/50/150,14,2.0,3.0,6-17h,140,49.3,1.42,-6.4%,2.01,51,41.2,1.037,-8.2%,0.19,0.5641
0,5/50/100,20,2.0,3.5,6-17h,158,44.3,1.359,-6.9%,2.14,58,36.2,0.98,-7.8%,-0.13,0.5638
0,5/42/100,20,2.0,4.0,6-17h,154,40.9,1.347,-6.9%,2.16,62,35.5,1.085,-7.8%,0.57,0.5637
0,5/42/100,20,2.0,3.0,6-17h,166,48.2,1.388,-7.8%,2.11,63,39.7,0.975,-6.8%,-0.16,0.5634
0,5/50/200,14,2.5,3.5,6-17h,117,52.1,1.494,-4.8%,1.8,44,45.5,1.153,-5.3%,0.63,0.5633
0,5/50/100,14,2.0,3.5,7-16h,136,45.6,1.404,-9.8%,2.15,51,39.2,1.112,-8.6%,0.6,0.5632
0,5/26/80,20,1.5,2.5,7-16h,175,45.1,1.341,-8.4%,2.22,78,29.5,0.694,-20.1%,-2.65,0.5631
0,5/50/80,14,2.5,3.0,7-16h,147,55.1,1.456,-6.4%,1.93,53,35.8,0.66,-12.9%,-1.81,0.5631
0,5/42/100,14,2.5,2.5,6-17h,152,59.9,1.481,-6.0%,1.86,57,42.1,0.724,-11.5%,-1.48,0.5628
0,5/50/80,20,2.0,4.0,6-17h,174,40.2,1.328,-7.9%,2.22,64,35.9,1.109,-10.5%,0.74,0.5628
0,5/42/80,10,2.5,3.0,6-17h,157,54.8,1.43,-7.3%,2.0,57,40.4,0.8,-9.9%,-1.09,0.5625
0,5/50/100,20,2.5,3.5,6-17h,141,51.1,1.42,-5.9%,1.97,51,43.1,1.049,-6.4%,0.24,0.5624
0,5/50/200,20,2.0,3.5,6-17h,130,45.4,1.425,-6.8%,1.99,47,38.3,1.072,-7.6%,0.35,0.5623
0,5/50/100,20,2.5,2.5,7-16h,137,60.6,1.495,-5.0%,1.79,46,45.7,0.831,-8.7%,-0.69,0.5622
0,5/42/100,10,2.5,3.5,7-16h,119,52.1,1.482,-5.5%,1.83,48,45.8,1.173,-6.1%,0.76,0.562
0,5/50/100,14,1.5,3.0,7-16h,159,40.9,1.333,-8.8%,2.23,52,28.8,0.801,-11.6%,-1.2,0.5619
0,5/50/200,10,1.5,2.5,7-16h,128,46.9,1.425,-6.5%,1.97,43,32.6,0.796,-12.1%,-0.97,0.5616
0,5/34/100,20,1.5,2.5,7-16h,159,45.9,1.351,-9.9%,2.23,56,32.1,0.779,-15.3%,-1.35,0.5614
0,12/26/80,20,1.5,3.0,6-17h,159,40.9,1.38,-11.5%,2.23,60,36.7,1.14,-7.9%,0.92,0.5614
0,5/50/100,20,2.0,3.0,6-17h,164,48.2,1.388,-7.8%,2.08,58,39.7,0.974,-7.8%,-0.15,0.5612
0,5/26/150,10,1.5,3.0,6-17h,186,40.3,1.312,-14.1%,2.44,77,31.2,0.893,-19.2%,-0.93,0.5606
0,5/50/150,20,3.0,4.0,6-17h,113,54.0,1.506,-6.5%,1.8,41,48.8,1.259,-6.5%,0.92,0.5606
0,9/42/100,10,2.0,3.5,7-16h,109,46.8,1.475,-8.5%,1.93,43,41.9,1.234,-7.7%,1.05,0.5606
0,5/42/100,14,1.5,3.0,7-16h,154,40.9,1.345,-8.0%,2.16,56,33.9,1.011,-8.6%,0.07,0.5605
0,5/34/80,10,2.0,3.5,6-17h,162,44.4,1.34,-10.3%,2.25,63,36.5,0.993,-11.8%,-0.05,0.5604
0,5/34/80,14,2.0,3.0,6-17h,172,48.3,1.356,-10.3%,2.22,68,35.3,0.809,-14.1%,-1.36,0.5604
0,12/26/80,20,1.5,3.0,7-16h,132,41.7,1.426,-8.7%,2.03,53,37.7,1.19,-6.8%,1.11,0.5604
0,5/50/100,20,2.0,2.5,7-16h,147,53.7,1.421,-4.9%,1.9,51,41.2,0.866,-7.9%,-0.66,0.5602
0,5/42/200,14,1.5,2.5,7-16h,126,46.8,1.43,-6.2%,1.93,49,36.7,0.956,-8.7%,-0.23,0.5601
0,5/50/200,20,2.5,2.5,6-17h,123,61.0,1.533,-4.0%,1.65,44,43.2,0.751,-9.6%,-1.01,0.5599
0,5/42/150,14,2.0,4.0,6-17h,135,41.5,1.372,-5.9%,2.02,54,33.3,0.985,-8.6%,-0.09,0.5597
0,9/34/80,14,2.0,3.0,7-16h,134,49.3,1.439,-6.3%,1.91,53,35.8,0.831,-9.4%,-0.95,0.5597
0,5/50/100,14,2.0,2.5,6-17h,164,53.0,1.391,-5.2%,1.96,58,41.4,0.874,-8.6%,-0.71,0.5596
0,5/50/100,10,2.0,2.5,6-17h,166,53.0,1.387,-5.6%,1.98,59,40.7,0.85,-8.6%,-0.87,0.5595
0,5/42/150,10,2.0,3.5,7-16h,115,46.1,1.44,-6.1%,1.89,50,40.0,1.15,-8.6%,0.78,0.559
0,9/42/200,10,3.0,3.5,7-16h,80,60.0,1.685,-6.9%,1.45,29,51.7,1.235,-4.9%,0.56,0.559
0,5/50/100,10,2.5,3.0,7-16h,129,55.8,1.487,-6.4%,1.81,45,46.7,1.039,-7.4%,0.16,0.5589
0,5/42/100,10,3.0,2.5,7-16h,122,66.4,1.605,-7.4%,1.62,46,54.3,0.983,-7.0%,-0.06,0.5588
0,5/50/150,10,2.0,3.5,7-16h,119,46.2,1.437,-8.9%,1.99,46,41.3,1.214,-7.7%,1.0,0.5587
0,5/42/200,14,2.0,4.0,7-16h,107,43.0,1.445,-6.8%,1.9,46,37.0,1.156,-7.7%,0.77,0.5586
0,9/26/150,14,2.0,3.5,6-17h,143,44.8,1.376,-6.9%,2.03,56,42.9,1.29,-7.7%,1.66,0.5584
0,5/50/100,20,1.5,2.5,7-16h,159,45.9,1.351,-11.3%,2.23,52,32.7,0.802,-11.0%,-1.14,0.558
0,9/26/100,14,2.0,3.5,6-17h,156,44.2,1.347,-6.9%,2.08,58,41.4,1.212,-7.7%,1.29,0.558
0,5/50/150,14,1.5,3.0,6-17h,152,40.8,1.339,-6.8%,2.09,52,28.8,0.799,-12.5%,-1.2,0.5579
0,9/42/80,20,1.5,3.0,7-16h,139,41.7,1.367,-10.6%,2.17,55,34.5,1.039,-7.8%,0.24,0.5577
0,9/42/200,20,2.0,3.5,6-17h,102,47.1,1.49,-7.9%,1.84,38,39.5,1.127,-7.7%,0.49,0.5577
0,9/26/150,20,2.0,3.5,7-16h,117,46.2,1.46,-9.2%,1.94,52,42.3,1.269,-5.9%,1.39,0.5576
0,5/50/80,20,2.0,3.0,7-16h,162,48.1,1.389,-8.3%,2.04,60,38.3,0.92,-7.5%,-0.48,0.5573
0,5/50/200,20,2.0,2.5,6-17h,135,54.1,1.446,-4.5%,1.79,47,42.6,0.915,-8.3%,-0.38,0.557
0,9/42/200,10,2.0,3.5,7-16h,89,48.3,1.552,-10.1%,1.79,36,41.7,1.228,-5.9%,0.84,0.5569
0,5/42/100,14,2.0,4.0,7-16h,125,42.4,1.407,-11.4%,2.11,54,35.2,1.069,-8.6%,0.41,0.5568
0,9/42/100,10,2.0,3.0,7-16h,110,50.9,1.5,-9.2%,1.85,45,44.4,1.179,-5.9%,0.79,0.5566
0,5/42/100,14,2.5,3.5,6-17h,142,50.7,1.41,-5.6%,1.89,54,40.7,0.951,-4.9%,-0.26,0.5564
0,5/42/100,20,2.0,2.5,7-16h,141,53.9,1.433,-5.4%,1.84,56,42.9,0.929,-8.5%,-0.39,0.5564
0,5/50/200,20,2.0,2.5,7-16h,120,55.0,1.485,-5.6%,1.75,42,42.9,0.927,-7.6%,-0.29,0.5564
0,5/50/150,10,2.5,3.5,6-17h,124,51.6,1.449,-5.5%,1.81,44,50.0,1.391,-6.7%,1.48,0.5562
0,9/42/200,10,3.0,3.0,7-16h,81,64.2,1.713,-7.8%,1.39,32,50.0,0.99,-5.0%,-0.03,0.5562
0,12/26/80,10,2.0,4.0,6-17h,142,41.5,1.405,-13.2%,2.17,53,34.0,1.014,-11.5%,0.08,0.5562
0,5/50/200,10,1.5,3.0,6-17h,144,41.0,1.364,-6.9%,2.02,48,29.2,0.812,-11.6%,-1.04,0.5561
0,5/50/150,20,2.5,3.5,7-16h,113,52.2,1.479,-5.5%,1.75,41,46.3,1.198,-6.7%,0.73,0.556
0,5/50/80,20,2.0,2.5,6-17h,188,52.1,1.362,-6.6%,2.01,67,38.8,0.781,-11.1%,-1.42,0.5558
0,5/42/100,20,2.0,4.0,7-16h,129,41.9,1.39,-8.7%,2.03,55,38.2,1.217,-6.8%,1.28,0.5556
0,5/50/150,10,2.0,4.0,7-16h,115,42.6,1.426,-8.7%,1.96,45,37.8,1.199,-7.7%,0.95,0.5556
0,5/42/100,20,2.5,3.5,6-17h,144,50.7,1.405,-6.5%,1.92,54,40.7,0.951,-7.9%,-0.26,0.5555
0,5/50/200,10,1.5,3.0,7-16h,127,41.7,1.395,-6.9%,1.95,43,30.2,0.854,-10.7%,-0.72,0.5554
0,5/42/100,10,2.0,3.5,7-16h,129,45.7,1.413,-11.0%,2.06,55,38.2,1.065,-8.6%,0.38,0.5552
0,5/50/100,10,3.0,3.0,7-16h,117,61.5,1.564,-7.8%,1.65,41,51.2,1.04,-6.9%,0.13,0.5547
0,5/50/150,10,2.5,4.0,6-17h,118,48.3,1.449,-7.2%,1.85,43,46.5,1.386,-7.0%,1.5,0.5547
0,9/26/150,20,2.0,4.0,6-17h,140,41.4,1.382,-10.5%,2.09,55,41.8,1.425,-7.7%,2.39,0.5543
0,5/42/200,10,2.0,3.0,6-17h,135,48.9,1.404,-4.5%,1.83,52,40.4,1.003,-7.7%,0.02,0.5541
0,5/26/200,20,1.5,2.5,7-16h,153,45.8,1.368,-9.6%,2.08,58,32.8,0.804,-15.5%,-1.25,0.554
0,5/42/100,20,1.5,3.0,7-16h,152,40.8,1.333,-8.0%,2.09,56,33.9,1.011,-8.6%,0.07,0.554
0,5/42/100,14,2.0,3.5,7-16h,127,45.7,1.412,-10.1%,2.01,55,38.2,1.065,-8.6%,0.38,0.5538
0,5/42/150,10,2.0,3.5,6-17h,139,44.6,1.369,-5.2%,1.92,55,36.4,0.986,-8.6%,-0.08,0.5538
0,5/50/80,10,2.5,3.0,6-17h,165,53.9,1.395,-6.1%,1.9,56,42.9,0.887,-9.5%,-0.58,0.5538
0,5/42/100,10,1.5,3.0,7-16h,155,40.6,1.336,-8.0%,2.08,56,35.7,1.093,-8.6%,0.58,0.5537
0,9/42/200,14,2.0,4.0,7-16h,88,44.3,1.518,-8.8%,1.76,34,38.2,1.218,-4.9%,0.79,0.5536
0,9/42/200,20,2.0,4.0,7-16h,88,44.3,1.518,-8.8%,1.76,35,37.1,1.164,-6.8%,0.62,0.5536
0,9/42/80,10,3.0,3.0,7-16h,112,61.6,1.557,-6.0%,1.58,38,50.0,0.99,-6.8%,-0.03,0.5533
0,5/26/80,10,1.5,3.0,7-16h,174,40.2,1.307,-10.6%,2.22,78,26.9,0.733,-21.7%,-2.43,0.5532
0,5/26/80,14,1.5,3.0,7-16h,174,40.2,1.307,-10.6%,2.22,78,26.9,0.733,-21.7%,-2.43,0.5532
0,5/26/200,10,1.5,3.0,7-16h,152,40.8,1.339,-8.7%,2.09,58,29.3,0.821,-18.3%,-1.21,0.553
0,9/26/80,20,2.0,3.5,7-16h,133,45.1,1.397,-8.5%,1.97,59,42.4,1.264,-3.8%,1.61,0.553
0,5/50/80,10,3.0,3.0,7-16h,134,60.4,1.514,-7.7%,1.72,45,44.4,0.789,-10.6%,-0.85,0.5529
0,5/50/100,14,2.0,2.5,7-16h,143,53.8,1.419,-6.8%,1.86,51,41.2,0.867,-8.6%,-0.66,0.5524
0,9/42/150,14,2.0,4.0,6-17h,110,42.7,1.436,-8.6%,1.89,40,37.5,1.183,-6.8%,0.78,0.5521
0,12/26/80,14,1.5,3.0,6-17h,161,40.4,1.355,-9.7%,2.08,63,33.3,0.985,-8.8%,-0.1,0.552
0,9/26/80,20,2.0,4.0,7-16h,131,42.0,1.408,-13.2%,2.1,57,42.1,1.426,-3.0%,2.58,0.5519
0,9/26/150,20,2.0,4.0,7-16h,115,42.6,1.448,-11.4%,1.96,51,43.1,1.501,-5.9%,2.59,0.5518
0,5/50/100,10,3.0,2.5,7-16h,121,66.1,1.583,-7.7%,1.57,41,53.7,0.956,-7.0%,-0.14,0.5516
0,5/50/150,14,3.0,4.0,6-17h,112,53.6,1.485,-6.5%,1.71,38,50.0,1.324,-5.9%,1.04,0.5514
0,5/50/80,20,2.5,3.0,6-17h,165,53.9,1.394,-7.0%,1.9,56,41.1,0.823,-11.5%,-0.93,0.5513
0,9/42/150,20,2.0,4.0,7-16h,93,44.1,1.495,-10.6%,1.83,38,36.8,1.15,-6.8%,0.61,0.5509
0,5/50/150,20,2.5,2.5,6-17h,131,60.3,1.48,-4.9%,1.65,46,47.8,0.906,-8.7%,-0.37,0.5505
0,12/26/80,14,1.5,3.0,7-16h,133,41.4,1.412,-9.7%,1.95,56,33.9,1.011,-7.8%,0.07,0.5505
0,5/42/200,14,1.5,3.0,7-16h,125,41.6,1.393,-6.8%,1.88,48,35.4,1.079,-7.8%,0.42,0.5503
0,5/42/200,14,2.0,4.0,6-17h,128,41.4,1.375,-5.9%,1.88,50,34.0,1.015,-7.7%,0.08,0.5503
0,5/50/100,20,2.0,3.0,7-16h,144,48.6,1.399,-7.8%,1.9,51,41.2,1.037,-6.8%,0.19,0.5501
0,5/26/100,10,1.5,2.5,7-16h,174,44.8,1.317,-8.8%,2.09,73,30.1,0.716,-18.2%,-2.31,0.55
0,5/26/100,14,1.5,2.5,7-16h,174,44.8,1.317,-8.8%,2.09,73,30.1,0.716,-18.2%,-2.31,0.55
0,9/42/200,14,2.0,3.5,6-17h,103,46.6,1.469,-7.9%,1.77,38,44.7,1.394,-5.9%,1.46,0.55
0,5/42/100,10,2.5,2.5,6-17h,151,59.6,1.461,-7.8%,1.78,55,45.5,0.825,-8.8%,-0.86,0.5498
0,5/42/200,20,2.0,4.0,7-16h,111,42.3,1.421,-6.8%,1.82,46,39.1,1.268,-5.9%,1.3,0.5498
0,5/50/200,14,1.5,2.5,6-17h,142,45.8,1.368,-6.9%,1.92,48,29.2,0.684,-13.9%,-1.74,0.5496
0,5/42/200,10,2.0,3.5,6-17h,132,44.7,1.379,-5.2%,1.84,51,37.3,1.025,-7.7%,0.13,0.5495
0,9/42/80,20,2.0,3.5,6-17h,154,44.2,1.344,-8.7%,2.03,52,38.5,1.08,-6.2%,0.43,0.5494
0,5/42/200,20,1.5,3.0,7-16h,125,41.6,1.385,-6.8%,1.88,48,35.4,1.079,-7.8%,0.42,0.5492
0,9/34/80,20,2.0,3.0,7-16h,133,48.9,1.416,-6.3%,1.8,54,42.6,1.097,-6.9%,0.52,0.5489
0,5/50/200,20,2.5,2.5,7-16h,113,61.1,1.523,-4.0%,1.51,39,43.6,0.764,-9.6%,-0.84,0.5488
0,12/26/200,20,2.0,4.0,7-16h,95,43.2,1.5,-7.8%,1.69,41,46.3,1.712,-4.9%,2.8,0.5488
0,5/50/100,20,2.5,3.5,7-16h,129,51.2,1.414,-6.4%,1.8,46,43.5,1.064,-7.1%,0.28,0.5485
0,12/26/80,20,2.0,3.5,7-16h,124,45.2,1.427,-7.7%,1.82,51,41.2,1.211,-5.9%,1.08,0.5483
0,5/50/80,20,2.5,3.0,7-16h,149,54.4,1.414,-6.3%,1.79,51,39.2,0.761,-11.8%,-1.17,0.5482
0,5/42/200,20,2.5,2.5,7-16h,113,61.1,1.536,-5.0%,1.51,43,48.8,0.946,-5.0%,-0.2,0.5481
0,5/42/200,20,2.5,4.0,6-17h,122,47.5,1.427,-5.9%,1.75,46,39.1,1.016,-7.4%,0.07,0.5481
0,9/42/80,20,2.0,3.0,6-17h,160,48.1,1.368,-9.7%,2.0,54,42.6,1.099,-5.0%,0.52,0.5481
0,9/42/80,20,2.0,4.0,6-17h,153,41.2,1.354,-15.8%,2.24,51,37.3,1.174,-6.9%,0.94,0.5479
0,9/42/100,14,2.0,3.5,7-16h,108,46.3,1.448,-8.5%,1.8,41,43.9,1.34,-5.9%,1.41,0.5479
0,5/50/150,10,3.0,3.5,6-17h,116,56.9,1.496,-6.7%,1.64,39,56.4,1.499,-5.9%,1.47,0.5476
0,9/42/80,20,2.0,3.5,7-16h,128,45.3,1.395,-9.4%,1.93,47,40.4,1.172,-3.9%,0.82,0.5476
0,5/34/100,10,2.0,3.0,7-16h,143,49.0,1.383,-10.2%,1.98,49,42.9,1.113,-10.5%,0.53,0.5474
0,5/34/150,20,1.5,3.0,7-16h,140,41.4,1.351,-11.6%,2.09,53,30.2,0.852,-16.7%,-0.89,0.5474
0,5/42/200,10,2.5,2.5,7-16h,111,61.3,1.548,-5.9%,1.51,42,50.0,0.99,-5.0%,-0.04,0.5474
0,5/50/200,10,2.5,2.5,7-16h,113,61.1,1.529,-4.9%,1.51,38,44.7,0.8,-9.6%,-0.68,0.5473
0,9/26/100,20,2.0,4.0,6-17h,152,40.8,1.345,-11.4%,2.09,57,40.4,1.334,-7.7%,2.01,0.5471
0,5/50/100,14,2.5,2.5,6-17h,150,59.3,1.441,-5.9%,1.71,53,47.2,0.885,-5.9%,-0.54,0.547
0,5/50/80,10,2.5,3.0,7-16h,147,54.4,1.418,-6.4%,1.77,51,39.2,0.76,-11.8%,-1.17,0.5469
0,9/26/150,10,2.0,3.5,6-17h,142,44.4,1.358,-6.9%,1.9,57,42.1,1.25,-7.7%,1.48,0.5469
0,5/42/150,20,2.5,3.5,7-16h,110,51.8,1.469,-5.0%,1.62,44,47.7,1.266,-5.9%,1.05,0.5468
0,9/26/100,10,2.0,3.5,6-17h,155,43.9,1.331,-6.9%,1.95,60,40.0,1.146,-8.2%,0.94,0.5468
0,5/42/150,14,2.0,3.5,7-16h,114,45.6,1.415,-6.1%,1.76,50,40.0,1.15,-8.6%,0.78,0.5466
0,5/50/200,10,1.5,2.5,6-17h,145,45.5,1.361,-6.9%,1.89,48,31.2,0.751,-13.3%,-1.34,0.5466
0,12/26/200,20,2.0,4.0,6-17h,114,42.1,1.449,-9.6%,1.82,44,40.9,1.37,-6.0%,1.67,0.5466
0,5/50/150,20,2.0,3.5,7-16h,124,45.2,1.4,-7.0%,1.82,45,40.0,1.154,-6.6%,0.7,0.5464
0,9/42/100,20,2.0,4.0,6-17h,132,41.7,1.388,-12.3%,2.03,46,39.1,1.27,-6.8%,1.3,0.5463
0,5/26/80,20,1.5,3.0,7-16h,169,40.2,1.308,-11.5%,2.15,78,26.9,0.733,-21.7%,-2.43,0.5462
0,5/42/80,20,3.0,3.0,7-16h,122,60.7,1.52,-6.8%,1.58,50,46.0,0.844,-6.0%,-0.69,0.5462
0,9/42/80,10,2.5,3.0,7-16h,117,56.4,1.498,-9.8%,1.73,40,50.0,1.191,-5.1%,0.64,0.5462
0,5/42/150,10,2.0,3.0,6-17h,143,48.3,1.365,-4.5%,1.79,56,39.3,0.959,-8.6%,-0.23,0.5461
0,12/26/100,20,2.0,4.0,7-16h,111,42.3,1.444,-9.6%,1.82,45,44.4,1.585,-5.9%,2.6,0.546
0,9/42/100,14,2.0,3.0,7-16h,109,50.5,1.477,-9.2%,1.74,44,45.5,1.229,-4.0%,0.97,0.5458
0,5/34/100,10,2.0,3.0,6-17h,167,47.9,1.332,-9.9%,2.04,56,39.3,0.957,-13.2%,-0.23,0.5456
0,5/42/80,20,1.5,3.0,7-16h,166,40.4,1.306,-11.7%,2.15,59,32.2,0.937,-9.7%,-0.42,0.5455
0,5/50/100,10,2.5,2.5,7-16h,133,60.2,1.476,-6.8%,1.65,45,48.9,0.946,-7.8%,-0.2,0.5453
0,5/42/150,14,2.0,3.0,7-16h,119,49.6,1.425,-6.3%,1.73,50,44.0,1.16,-8.6%,0.79,0.5452
0,5/42/200,20,2.5,3.5,7-16h,108,51.9,1.473,-5.0%,1.59,42,45.2,1.143,-5.9%,0.56,0.5452
0,9/42/200,10,2.0,3.0,7-16h,90,52.2,1.547,-11.5%,1.68,38,44.7,1.195,-4.9%,0.72,0.5452
0,5/50/150,20,2.5,3.0,6-17h,127,55.1,1.441,-4.7%,1.64,46,47.8,1.089,-8.1%,0.36,0.5451
0,5/50/150,20,1.5,2.5,6-17h,152,45.4,1.333,-8.0%,1.96,52,32.7,0.8,-11.8%,-1.14,0.545
0,5/50/200,10,2.5,3.5,6-17h,117,51.3,1.444,-4.8%,1.63,41,46.3,1.197,-6.7%,0.73,0.5447
0,5/42/200,10,1.5,3.0,7-16h,126,41.3,1.387,-6.9%,1.81,48,37.5,1.18,-7.8%,0.94,0.5444
0,5/50/150,10,3.0,3.0,6-17h,117,60.7,1.507,-4.9%,1.51,42,54.8,1.202,-5.0%,0.64,0.5443
0,9/26/150,14,1.5,3.0,6-17h,154,40.3,1.317,-6.9%,1.94,63,36.5,1.132,-7.1%,0.92,0.5442
0,9/42/200,20,2.0,3.5,7-16h,88,47.7,1.52,-10.1%,1.67,35,37.1,1.02,-6.8%,0.07,0.5442
0,5/42/200,10,3.0,3.0,7-16h,104,61.5,1.572,-6.8%,1.45,39,56.4,1.279,-4.0%,0.82,0.544
0,5/50/200,10,2.5,3.0,7-16h,111,55.9,1.486,-4.5%,1.53,38,44.7,0.96,-8.7%,-0.14,0.5439
0,9/42/150,20,2.0,3.5,6-17h,108,46.3,1.442,-9.7%,1.8,42,38.1,1.063,-8.6%,0.27,0.5439
0,9/42/200,14,3.0,3.5,7-16h,81,59.3,1.625,-7.8%,1.38,29,51.7,1.235,-4.9%,0.56,0.5438
0,5/42/100,14,2.5,3.5,7-16h,119,51.3,1.434,-5.5%,1.66,50,42.0,1.002,-6.1%,0.01,0.5437
0,5/50/200,10,2.5,4.0,6-17h,113,47.8,1.436,-5.3%,1.65,40,42.5,1.171,-7.0%,0.66,0.5437
0,5/50/150,14,2.0,3.0,7-16h,123,49.6,1.428,-9.1%,1.8,45,42.2,1.083,-7.7%,0.36,0.5436
0,9/34/100,10,2.0,3.0,7-16h,120,49.2,1.433,-5.5%,1.66,50,42.0,1.07,-7.9%,0.36,0.5436
0,5/42/100,14,2.0,2.5,7-16h,138,53.6,1.41,-6.6%,1.74,56,41.1,0.865,-10.3%,-0.75,0.5434
0,9/42/200,14,2.0,4.0,6-17h,103,42.7,1.444,-8.6%,1.75,37,40.5,1.345,-5.9%,1.32,0.5434
0,5/42/100,10,2.5,3.5,6-17h,141,50.4,1.39,-7.0%,1.79,51,43.1,1.05,-6.1%,0.24,0.5433
0,5/50/150,20,3.0,4.0,7-16h,102,53.9,1.499,-7.4%,1.6,37,45.9,1.123,-7.8%,0.41,0.5433
0,5/50/100,20,1.5,3.0,7-16h,156,40.4,1.307,-8.8%,2.01,52,32.7,0.958,-8.7%,-0.25,0.5431
0,9/42/150,14,2.0,4.0,7-16h,94,43.6,1.473,-10.6%,1.76,36,36.1,1.113,-5.9%,0.44,0.543
0,5/42/200,14,2.5,3.0,7-16h,109,56.0,1.491,-5.0%,1.52,43,48.8,1.131,-4.7%,0.5,0.5428
0,5/42/200,20,2.0,3.0,7-16h,117,49.6,1.44,-7.3%,1.7,46,43.5,1.138,-5.4%,0.62,0.5428
0,5/50/150,10,2.0,3.0,7-16h,123,49.6,1.422,-9.1%,1.8,46,41.3,1.042,-7.7%,0.19,0.5428
0,5/50/200,10,2.5,3.5,7-16h,108,51.9,1.468,-5.7%,1.59,38,44.7,1.121,-7.8%,0.43,0.5428
0,5/50/200,14,2.5,3.5,7-16h,108,51.9,1.468,-5.7%,1.59,40,42.5,1.023,-7.8%,0.09,0.5428
0,5/42/150,14,2.0,3.5,6-17h,138,44.2,1.347,-5.2%,1.8,55,36.4,0.986,-8.6%,-0.08,0.5425
0,5/50/150,14,1.5,3.0,7-16h,134,41.0,1.352,-7.8%,1.88,46,30.4,0.862,-10.7%,-0.72,0.5425
0,9/42/80,14,2.0,4.0,7-16h,127,41.7,1.367,-10.6%,1.95,44,36.4,1.125,-5.9%,0.6,0.5423
0,5/50/150,10,2.5,3.0,6-17h,127,55.1,1.437,-5.7%,1.64,46,50.0,1.19,-6.1%,0.74,0.5422
0,5/50/100,10,2.0,2.5,7-16h,144,53.5,1.395,-7.7%,1.79,52,40.4,0.839,-8.6%,-0.82,0.542
0,9/42/150,10,2.0,3.5,7-16h,95,47.4,1.493,-11.9%,1.75,38,39.5,1.123,-6.8%,0.49,0.5417
0,9/42/200,10,2.0,3.5,6-17h,104,46.2,1.449,-7.9%,1.69,39,43.6,1.33,-5.9%,1.28,0.5417
0,5/42/150,10,1.5,3.0,7-16h,132,40.9,1.365,-6.8%,1.81,51,37.3,1.168,-8.7%,0.94,0.5416
0,5/42/200,10,2.5,3.5,7-16h,106,51.9,1.478,-6.3%,1.57,41,46.3,1.196,-5.9%,0.73,0.5412
0,9/26/150,10,2.5,3.5,6-17h,130,50.8,1.414,-7.4%,1.73,50,50.0,1.393,-6.8%,1.69,0.541
0,5/42/100,20,3.0,2.5,7-16h,124,65.3,1.544,-7.4%,1.48,49,53.1,0.933,-7.5%,-0.25,0.5409
0,9/42/150,10,2.0,3.5,6-17h,111,45.9,1.43,-9.7%,1.78,42,40.5,1.172,-6.8%,0.74,0.5409
0,5/50/200,14,2.0,2.5,7-16h,117,54.7,1.46,-7.5%,1.64,42,40.5,0.841,-8.1%,-0.66,0.5407
0,5/50/200,10,2.0,2.5,7-16h,117,54.7,1.459,-7.5%,1.64,43,39.5,0.809,-9.0%,-0.82,0.5406
0,5/42/200,10,1.5,2.5,7-16h,126,46.0,1.387,-6.2%,1.73,49,38.8,1.041,-8.7%,0.21,0.5404
0,9/26/80,10,2.0,3.5,7-16h,132,44.7,1.37,-8.5%,1.84,58,39.7,1.127,-9.0%,0.81,0.5403
0,5/50/150,10,3.0,3.0,7-16h,108,61.1,1.53,-5.9%,1.44,37,54.1,1.168,-5.9%,0.48,0.5401
0,5/50/100,10,3.0,3.0,6-17h,128,60.2,1.491,-7.8%,1.58,46,52.2,1.08,-5.0%,0.3,0.54
0,5/42/80,14,1.5,3.0,7-16h,167,40.1,1.302,-11.7%,2.07,61,32.8,0.962,-9.7%,-0.27,0.5394
0,5/50/100,20,2.0,3.5,7-16h,140,44.3,1.349,-8.0%,1.85,51,37.3,1.025,-6.8%,0.13,0.5394
0,5/50/200,14,2.5,3.0,6-17h,120,55.0,1.447,-3.8%,1.51,45,44.4,0.949,-6.5%,-0.21,0.5392
0,5/50/200,20,2.5,3.0,6-17h,120,55.0,1.447,-3.8%,1.51,44,43.2,0.901,-8.5%,-0.41,0.5392
0,9/26/80,10,2.5,3.5,6-17h,144,50.0,1.374,-6.7%,1.75,54,50.0,1.388,-4.8%,1.83,0.5391
0,5/50/80,20,2.0,4.0,7-16h,151,40.4,1.329,-9.6%,1.94,58,34.5,1.038,-7.9%,0.24,0.539
0,5/50/200,10,3.0,2.5,7-16h,106,66.0,1.573,-5.9%,1.34,35,48.6,0.779,-8.7%,-0.65,0.5389
0,9/34/100,10,2.0,3.0,6-17h,139,48.2,1.383,-6.4%,1.72,56,41.1,1.032,-8.3%,0.18,0.5388
0,9/42/80,14,2.0,3.5,6-17h,155,43.9,1.331,-10.1%,1.95,51,39.2,1.114,-6.8%,0.6,0.5388
0,12/26/150,14,2.0,4.0,6-17h,120,41.7,1.413,-10.5%,1.81,46,39.1,1.272,-6.9%,1.3,0.5388
0,5/50/80,14,2.5,4.0,6-17h,154,46.1,1.341,-8.1%,1.86,54,37.0,0.928,-9.5%,-0.4,0.5387
0,5/50/150,10,3.0,2.5,7-16h,111,65.8,1.555,-5.9%,1.37,37,54.1,0.971,-7.0%,-0.08,0.5386
0,5/50/200,10,2.5,3.0,6-17h,120,55.0,1.443,-3.8%,1.51,43,46.5,1.032,-6.5%,0.12,0.5386
0,5/50/80,20,2.5,4.0,6-17h,154,46.1,1.339,-8.1%,1.86,53,41.5,1.125,-8.1%,0.64,0.5385
0,5/42/150,14,2.0,4.0,7-16h,112,42.0,1.389,-7.8%,1.75,49,36.7,1.145,-8.6%,0.77,0.5383
0,5/50/100,10,2.0,3.5,7-16h,136,44.9,1.358,-11.8%,1.95,52,38.5,1.078,-8.6%,0.43,0.5379
0,5/50/100,10,2.5,2.5,6-17h,149,59.1,1.427,-6.9%,1.64,51,51.0,1.03,-5.9%,0.12,0.5379
0,9/26/100,20,2.0,3.5,7-16h,130,44.6,1.371,-7.8%,1.78,55,41.8,1.239,-6.4%,1.34,0.5379
0,12/26/100,14,2.0,4.0,6-17h,131,41.2,1.385,-11.4%,1.88,49,36.7,1.146,-8.8%,0.77,0.5377
0,5/50/150,10,3.0,3.5,7-16h,105,57.1,1.506,-7.6%,1.51,36,55.6,1.449,-5.9%,1.23,0.5376
0,5/42/200,14,2.0,3.5,6-17h,131,44.3,1.357,-5.2%,1.71,51,37.3,1.025,-7.7%,0.13,0.5375
0,5/50/80,10,2.0,4.0,7-16h,147,40.8,1.332,-12.3%,2.01,57,31.6,0.908,-10.7%,-0.58,0.5375
0,12/26/80,10,2.0,3.5,7-16h,123,44.7,1.393,-6.9%,1.7,48,39.6,1.131,-5.0%,0.65,0.5375
0,5/42/200,14,2.5,4.0,7-16h,104,48.1,1.44,-5.5%,1.56,42,40.5,1.074,-5.9%,0.31,0.5373
0,5/42/150,20,2.5,2.5,7-16h,116,60.3,1.491,-5.0%,1.44,45,51.1,1.035,-4.1%,0.13,0.5372
0,5/42/200,20,1.5,2.5,7-16h,126,46.0,1.377,-7.0%,1.73,49,36.7,0.956,-8.7%,-0.23,0.5372
0,5/50/150,10,1.5,3.0,6-17h,155,40.0,1.305,-6.9%,1.86,52,30.8,0.874,-12.5%,-0.73,0.537
0,5/50/150,10,2.5,3.5,7-16h,113,51.3,1.43,-5.7%,1.58,41,48.8,1.325,-6.7%,1.16,0.537
0,5/50/150,14,2.5,3.5,7-16h,113,51.3,1.43,-5.7%,1.58,42,45.2,1.144,-6.7%,0.56,0.537
0,5/50/100,10,2.5,4.0,6-17h,133,46.6,1.363,-5.5%,1.7,47,44.7,1.282,-4.3%,1.25,0.5369
0,5/50/200,20,2.5,3.0,7-16h,110,55.5,1.461,-3.8%,1.45,39,43.6,0.917,-8.7%,-0.3,0.5369
0,9/26/80,20,2.0,4.0,6-17h,156,40.4,1.327,-12.3%,2.01,62,41.9,1.422,-4.9%,2.76,0.5369
0,5/50/80,20,2.5,4.0,7-16h,139,46.8,1.364,-9.0%,1.82,50,38.0,0.967,-10.9%,-0.17,0.5367
0,5/42/200,10,3.0,2.5,7-16h,106,66.0,1.582,-7.3%,1.34,40,55.0,1.009,-5.1%,0.03,0.5365
0,5/50/100,14,2.5,2.5,7-16h,134,59.7,1.447,-6.8%,1.58,47,44.7,0.8,-7.8%,-0.85,0.5365
0,9/26/150,14,2.0,3.5,7-16h,117,45.3,1.407,-9.2%,1.74,51,43.1,1.301,-5.9%,1.58,0.5365
0,9/42/200,14,3.0,4.0,7-16h,80,55.0,1.568,-6.9%,1.35,28,46.4,1.142,-5.0%,0.36,0.5364
0,5/42/150,20,2.0,4.0,6-17h,138,40.6,1.331,-6.9%,1.8,56,35.7,1.097,-8.8%,0.58,0.5363
0,5/50/200,20,2.0,3.0,7-16h,118,49.2,1.419,-6.8%,1.63,42,42.9,1.111,-6.4%,0.45,0.5363
0,9/34/80,20,2.0,4.0,7-16h,129,41.1,1.36,-8.7%,1.81,51,39.2,1.271,-6.8%,1.47,0.5363
0,5/50/150,20,1.5,3.0,7-16h,132,40.9,1.34,-7.8%,1.81,46,34.8,1.05,-7.8%,0.26,0.536
0,12/34/80,10,1.5,3.0,7-16h,144,40.3,1.33,-6.9%,1.8,47,38.3,1.219,-5.9%,1.12,0.536
0,5/26/200,14,1.5,2.5,7-16h,153,45.1,1.335,-9.6%,1.88,58,32.8,0.804,-15.5%,-1.25,0.5356
0,5/42/80,10,2.5,3.5,6-17h,151,49.7,1.355,-7.3%,1.76,54,40.7,0.95,-6.7%,-0.26,0.5356
0,9/42/100,20,2.0,3.5,7-16h,107,45.8,1.424,-8.5%,1.67,42,40.5,1.173,-3.9%,0.74,0.5356
0,12/26/80,14,2.0,4.0,7-16h,123,41.5,1.389,-10.5%,1.81,48,37.5,1.182,-7.8%,0.94,0.5356
0,12/34/80,14,1.5,3.0,7-16h,144,40.3,1.327,-6.9%,1.8,47,38.3,1.219,-5.9%,1.12,0.5356
0,5/50/200,14,2.5,3.0,7-16h,110,55.5,1.463,-4.5%,1.45,40,42.5,0.877,-8.7%,-0.47,0.5352
0,5/42/150,20,2.5,3.5,6-17h,129,50.4,1.394,-5.9%,1.63,49,42.9,1.038,-6.8%,0.18,0.5351
0,5/26/200,14,1.5,2.5,6-17h,180,44.4,1.303,-12.6%,2.04,68,35.3,0.898,-14.4%,-0.74,0.535
0,5/34/100,14,2.0,3.0,7-16h,145,48.3,1.351,-9.3%,1.83,52,38.5,0.926,-12.8%,-0.39,0.5349
0,5/42/100,14,3.0,2.5,7-16h,123,65.0,1.523,-7.4%,1.43,47,57.4,1.115,-7.0%,0.39,0.5346
0,5/50/100,10,2.5,3.5,6-17h,140,50.0,1.364,-6.3%,1.69,48,47.9,1.275,-4.0%,1.18,0.5344
0,9/26/100,20,2.0,4.0,7-16h,128,41.4,1.376,-12.3%,1.88,53,41.5,1.397,-5.9%,2.21,0.5344
0,9/34/80,10,2.0,3.0,6-17h,156,47.4,1.333,-6.4%,1.75,60,35.0,0.799,-11.1%,-1.27,0.5343
0,5/34/100,10,2.0,3.5,6-17h,160,43.8,1.301,-11.5%,1.99,56,37.5,1.036,-12.3%,0.21,0.5341
0,5/42/80,14,2.0,4.0,7-16h,133,41.4,1.354,-13.2%,1.95,56,33.9,1.012,-8.6%,0.07,0.5341
0,5/42/100,10,3.0,3.0,6-17h,136,59.6,1.453,-7.8%,1.57,50,50.0,0.99,-6.9%,-0.04,0.5341
0,5/50/150,14,2.5,3.0,6-17h,126,54.8,1.422,-5.7%,1.55,47,46.8,1.045,-6.1%,0.19,0.5339
0,9/42/200,14,2.0,3.0,7-16h,89,51.7,1.52,-11.5%,1.57,38,44.7,1.196,-4.9%,0.72,0.5339
0,5/42/80,10,2.0,3.5,7-16h,139,44.6,1.359,-12.7%,1.92,57,36.8,1.007,-8.7%,0.04,0.5338
0,5/42/150,14,2.5,4.0,6-17h,126,46.8,1.371,-5.9%,1.65,47,38.3,0.98,-6.5%,-0.1,0.5337
0,5/50/80,14,2.5,4.0,7-16h,137,46.7,1.36,-9.0%,1.78,51,33.3,0.786,-12.3%,-1.16,0.5334
0,5/42/150,14,2.5,3.0,7-16h,112,55.4,1.451,-5.0%,1.46,45,48.9,1.133,-5.9%,0.53,0.5333
0,5/50/200,20,3.0,4.0,7-16h,99,53.5,1.487,-7.4%,1.48,35,40.0,0.878,-9.0%,-0.42,0.5333
0,5/42/80,20,2.0,4.0,7-16h,137,40.9,1.34,-10.5%,1.87,57,36.8,1.15,-6.8%,0.93,0.5332
0,5/42/150,10,2.5,3.5,7-16h,109,51.4,1.444,-6.3%,1.52,44,47.7,1.267,-5.9%,1.05,0.5332
0,5/42/100,10,2.0,2.5,7-16h,139,53.2,1.385,-7.5%,1.67,56,41.1,0.865,-10.3%,-0.75,0.5328
0,5/50/100,10,2.0,4.0,7-16h,131,41.2,1.348,-11.4%,1.88,51,35.3,1.075,-8.6%,0.42,0.5328
0,5/42/150,10,1.5,2.5,7-16h,132,45.5,1.355,-6.2%,1.68,52,38.5,1.027,-9.6%,0.15,0.5326
0,5/42/150,14,1.5,2.5,7-16h,132,45.5,1.355,-6.2%,1.68,52,36.5,0.948,-9.6%,-0.29,0.5326
0,5/50/200,20,3.0,4.0,6-17h,108,52.8,1.453,-6.5%,1.5,39,43.6,1.018,-6.5%,0.07,0.5325
0,9/26/80,10,2.0,3.0,6-17h,165,47.3,1.318,-8.2%,1.82,66,40.9,1.025,-9.3%,0.17,0.5325
0,5/42/150,20,1.5,3.0,7-16h,130,40.8,1.338,-6.8%,1.73,51,35.3,1.073,-8.7%,0.42,0.5324
0,9/26/80,14,2.0,3.5,7-16h,133,44.4,1.353,-8.5%,1.76,57,42.1,1.242,-5.5%,1.48,0.5324
0,5/42/200,20,2.0,3.5,7-16h,113,45.1,1.394,-7.0%,1.63,46,39.1,1.11,-5.9%,0.52,0.5323
0,9/42/80,10,2.0,3.5,6-17h,156,43.6,1.319,-10.1%,1.88,52,36.5,0.994,-9.2%,-0.03,0.5323
0,5/42/80,14,2.0,3.5,7-16h,137,44.5,1.357,-11.8%,1.87,58,37.9,1.054,-8.6%,0.33,0.5322
0,5/42/150,20,2.0,4.0,7-16h,116,41.4,1.368,-6.8%,1.67,50,40.0,1.319,-6.8%,1.65,0.5322
0,5/42/200,14,2.0,2.5,7-16h,115,53.9,1.421,-4.1%,1.47,48,43.8,0.962,-7.8%,-0.17,0.5321
0,5/50/150,14,3.0,4.0,7-16h,101,53.5,1.475,-7.8%,1.5,35,48.6,1.25,-7.1%,0.76,0.5321
0,5/50/150,10,2.5,3.0,7-16h,116,55.2,1.438,-5.7%,1.49,41,48.8,1.133,-7.2%,0.47,0.5319
0,5/34/150,20,1.5,2.5,7-16h,143,45.5,1.334,-9.9%,1.84,53,32.1,0.775,-15.9%,-1.3,0.5318
0,5/42/200,10,2.0,2.5,7-16h,115,53.9,1.419,-4.1%,1.47,48,43.8,0.962,-7.8%,-0.17,0.5318
0,5/42/150,10,3.0,3.0,7-16h,107,60.7,1.516,-6.8%,1.38,41,58.5,1.398,-4.0%,1.17,0.5317
0,12/26/80,20,2.0,3.0,6-17h,151,47.7,1.366,-9.2%,1.75,58,43.1,1.122,-8.2%,0.69,0.5317
0,5/42/150,14,2.5,4.0,7-16h,107,47.7,1.413,-5.5%,1.53,44,40.9,1.094,-5.9%,0.41,0.5316
0,12/26/80,20,2.0,3.0,7-16h,126,48.4,1.404,-6.9%,1.59,52,46.2,1.265,-6.4%,1.32,0.5314
0,5/34/100,14,2.5,3.0,7-16h,132,54.5,1.417,-7.6%,1.59,47,44.7,0.958,-10.7%,-0.18,0.5312
0,5/42/200,14,2.5,2.5,7-16h,111,60.4,1.493,-5.9%,1.38,44,47.7,0.905,-6.0%,-0.37,0.5309
0,5/26/200,10,2.5,4.0,7-16h,123,47.2,1.391,-8.9%,1.68,49,44.9,1.29,-8.1%,1.35,0.5308
0,5/42/150,20,2.5,3.0,6-17h,133,54.1,1.399,-4.9%,1.52,50,44.0,0.932,-7.0%,-0.31,0.5308
0,9/26/80,20,2.0,3.0,6-17h,165,47.3,1.323,-9.2%,1.82,65,44.6,1.189,-6.4%,1.21,0.5307
0,5/42/100,20,3.0,4.0,7-16h,110,52.7,1.435,-6.8%,1.52,47,44.7,1.065,-6.9%,0.28,0.5306
0,5/26/150,10,1.5,3.0,7-16h,157,40.1,1.304,-11.4%,1.93,66,28.8,0.8,-20.8%,-1.53,0.5305
0,5/26/150,14,1.5,3.0,7-16h,157,40.1,1.304,-11.4%,1.93,66,28.8,0.8,-20.8%,-1.53,0.5305
0,5/42/80,20,2.5,4.0,7-16h,126,46.8,1.372,-7.2%,1.65,50,40.0,1.054,-7.0%,0.27,0.5305
0,5/50/80,10,2.0,2.5,6-17h,187,51.3,1.309,-6.6%,1.75,67,37.3,0.735,-12.0%,-1.76,0.5305
0,5/42/80,20,2.5,2.5,6-17h,167,58.1,1.374,-6.9%,1.63,60,41.7,0.71,-13.3%,-1.63,0.5301
0,5/50/150,10,2.5,4.0,7-16h,109,47.7,1.411,-7.2%,1.57,40,45.0,1.303,-7.4%,1.11,0.5301
0,5/50/200,10,2.5,4.0,7-16h,105,47.6,1.417,-5.3%,1.49,37,40.5,1.079,-9.3%,0.29,0.53
0,9/42/150,14,2.0,3.5,7-16h,94,46.8,1.464,-11.9%,1.63,37,40.5,1.174,-5.9%,0.67,0.5295
0,5/50/80,14,2.0,2.5,6-17h,185,51.4,1.311,-6.6%,1.73,68,41.2,0.866,-8.6%,-0.88,0.5294
0,12/26/80,10,1.5,3.0,7-16h,133,40.6,1.368,-9.7%,1.73,56,33.9,1.011,-7.8%,0.07,0.5292
0,12/26/100,20,2.0,3.5,6-17h,132,43.9,1.359,-6.9%,1.64,50,40.0,1.153,-6.7%,0.78,0.5288
0,5/42/100,14,2.0,2.5,6-17h,166,51.8,1.325,-5.4%,1.65,63,38.1,0.766,-12.9%,-1.49,0.5287
0,5/50/200,10,2.0,2.5,6-17h,134,53.0,1.378,-5.2%,1.54,48,39.6,0.811,-8.6%,-0.9,0.5286
0,5/42/100,20,2.0,2.5,6-17h,168,51.8,1.327,-6.1%,1.67,64,40.6,0.849,-10.0%,-0.96,0.5285
0,5/42/200,14,2.0,3.0,6-17h,136,47.8,1.343,-4.5%,1.58,52,40.4,1.003,-7.7%,0.02,0.5285
0,9/42/150,14,2.0,3.5,6-17h,110,45.5,1.404,-9.7%,1.65,41,41.5,1.221,-6.8%,0.92,0.5284
0,5/50/80,14,2.0,3.5,7-16h,152,43.4,1.312,-8.2%,1.77,59,35.6,0.954,-8.6%,-0.29,0.5283
0,12/26/80,14,2.0,3.5,7-16h,124,44.4,1.376,-7.7%,1.63,49,42.9,1.292,-4.9%,1.44,0.5282
0,5/34/200,20,1.5,3.0,7-16h,137,40.9,1.322,-11.6%,1.87,49,30.6,0.87,-14.1%,-0.73,0.5281
0,5/34/80,10,2.0,3.5,7-16h,140,44.3,1.333,-11.8%,1.85,54,38.9,1.098,-9.7%,0.55,0.5276
0,5/50/100,14,2.5,3.5,7-16h,127,50.4,1.375,-7.2%,1.6,47,42.6,1.025,-6.2%,0.11,0.5274
0,12/26/80,10,2.0,4.0,7-16h,121,41.3,1.38,-11.4%,1.74,47,34.0,1.017,-9.7%,0.09,0.5273
0,5/50/80,10,2.5,4.0,6-17h,151,45.7,1.317,-7.0%,1.7,52,40.4,1.072,-8.6%,0.37,0.527
0,9/42/100,20,2.0,3.0,7-16h,109,49.5,1.43,-9.2%,1.56,44,45.5,1.229,-4.0%,0.97,0.527
0,5/42/150,10,2.5,3.0,6-17h,131,54.2,1.393,-5.8%,1.51,49,46.9,1.05,-5.0%,0.22,0.5269
0,5/50/200,10,3.0,3.0,7-16h,104,60.6,1.498,-5.9%,1.31,35,48.6,0.935,-7.8%,-0.19,0.5267
0,5/42/150,10,2.5,2.5,7-16h,115,60.0,1.466,-5.9%,1.37,45,51.1,1.035,-5.0%,0.13,0.5266
0,5/42/80,20,2.5,4.0,6-17h,149,45.6,1.314,-5.9%,1.66,54,37.0,0.928,-8.9%,-0.4,0.5265
0,5/42/150,14,1.5,3.0,7-16h,131,40.5,1.33,-6.8%,1.66,51,35.3,1.073,-8.7%,0.42,0.5265
0,5/34/80,20,2.0,2.5,6-17h,182,51.6,1.315,-9.7%,1.79,70,38.6,0.775,-13.1%,-1.54,0.5264
0,5/42/200,20,2.0,4.0,6-17h,131,40.5,1.33,-6.9%,1.66,51,35.3,1.076,-7.8%,0.42,0.5264
0,5/42/100,20,3.0,3.0,6-17h,139,59.0,1.431,-7.8%,1.5,54,44.4,0.792,-7.8%,-1.01,0.5263
0,9/34/80,14,1.5,3.0,7-16h,142,40.1,1.31,-7.8%,1.73,59,30.5,0.868,-11.7%,-0.9,0.5262
0,12/26/150,14,2.0,4.0,7-16h,100,42.0,1.425,-8.7%,1.54,41,43.9,1.548,-4.9%,2.23,0.5261
0,9/26/150,10,2.5,3.5,7-16h,107,51.4,1.451,-9.1%,1.5,47,51.1,1.454,-5.9%,1.8,0.5258
0,5/42/100,20,2.0,3.5,7-16h,131,44.3,1.345,-9.4%,1.71,55,38.2,1.066,-6.8%,0.38,0.5255
0,5/42/200,14,3.0,3.0,7-16h,104,60.6,1.504,-6.8%,1.31,39,56.4,1.279,-4.0%,0.82,0.5252
0,9/42/200,20,3.0,3.5,7-16h,83,57.8,1.539,-6.7%,1.24,31,54.8,1.398,-4.9%,0.97,0.5252
0,9/42/100,10,3.0,3.0,7-16h,91,61.5,1.553,-7.8%,1.25,36,52.8,1.108,-4.9%,0.31,0.5251
0,5/34/100,20,2.5,3.0,7-16h,135,54.1,1.393,-7.4%,1.54,47,46.8,1.046,-10.7%,0.19,0.5249
0,5/50/200,10,2.5,2.5,6-17h,123,59.3,1.435,-5.0%,1.37,43,46.5,0.86,-7.8%,-0.53,0.5248
0,9/42/200,20,3.0,4.0,7-16h,83,54.2,1.523,-7.7%,1.3,30,50.0,1.317,-5.0%,0.82,0.5247
0,9/26/150,10,2.0,3.5,7-16h,116,44.8,1.384,-9.2%,1.61,52,42.3,1.258,-5.9%,1.39,0.5244
0,9/26/200,20,2.0,3.5,6-17h,137,43.8,1.33,-8.1%,1.67,52,42.3,1.269,-6.8%,1.39,0.5241
0,5/42/150,20,2.5,2.5,6-17h,136,58.8,1.41,-5.9%,1.44,51,45.1,0.813,-8.8%,-0.85,0.524
0,5/26/150,20,1.5,2.5,7-16h,159,44.7,1.311,-11.7%,1.83,66,31.8,0.77,-18.4%,-1.67,0.5237
0,5/50/200,14,3.0,4.0,7-16h,98,53.1,1.462,-7.4%,1.39,33,42.4,0.971,-9.3%,-0.09,0.5237
0,9/42/100,20,2.0,3.5,6-17h,132,43.9,1.336,-7.7%,1.64,46,39.1,1.111,-7.0%,0.52,0.5236
0,9/26/100,20,2.0,3.0,6-17h,157,47.1,1.316,-7.8%,1.68,60,43.3,1.13,-8.7%,0.78,0.5235
0,9/34/80,14,2.0,3.0,6-17h,155,47.1,1.317,-6.8%,1.64,60,36.7,0.858,-8.9%,-0.88,0.5234
0,5/42/150,14,3.0,3.0,7-16h,106,60.4,1.49,-6.8%,1.31,41,58.5,1.398,-4.0%,1.17,0.5233
0,5/50/150,14,2.5,3.0,7-16h,115,54.8,1.416,-5.7%,1.41,42,45.2,0.98,-7.2%,-0.08,0.5233
0,5/50/150,20,2.5,3.0,7-16h,115,54.8,1.415,-5.7%,1.41,41,48.8,1.133,-7.2%,0.47,0.5232
0,5/26/200,10,2.0,3.5,6-17h,159,43.4,1.303,-12.3%,1.86,63,36.5,0.993,-13.1%,-0.05,0.5231
0,5/26/200,14,2.5,4.0,7-16h,124,46.8,1.375,-8.9%,1.6,49,44.9,1.29,-8.1%,1.35,0.5231
0,5/50/150,20,2.0,2.5,6-17h,145,52.4,1.348,-6.3%,1.56,51,43.1,0.937,-8.9%,-0.3,0.5231
0,5/50/200,14,3.0,4.0,6-17h,107,52.3,1.43,-6.5%,1.41,36,44.4,1.055,-6.8%,0.18,0.5231
0,5/50/150,10,2.5,2.5,7-16h,119,59.7,1.438,-5.9%,1.37,41,48.8,0.942,-7.8%,-0.2,0.5229
0,5/50/200,14,2.5,2.5,7-16h,112,59.8,1.451,-5.0%,1.31,40,42.5,0.731,-9.6%,-1.0,0.5228
0,9/34/80,20,2.0,3.0,6-17h,155,47.1,1.319,-7.3%,1.64,62,41.9,1.071,-7.4%,0.43,0.5225
0,5/42/100,20,1.5,2.5,7-16h,154,44.8,1.304,-11.3%,1.81,57,35.1,0.893,-10.4%,-0.67,0.5224
0,5/50/150,14,1.5,2.5,7-16h,135,45.2,1.331,-8.5%,1.66,46,32.6,0.798,-12.1%,-1.03,0.5224
0,5/50/150,20,2.5,2.5,7-16h,119,59.7,1.433,-5.9%,1.37,41,48.8,0.942,-7.8%,-0.2,0.5223
0,9/42/100,10,3.0,3.5,7-16h,89,57.3,1.515,-7.5%,1.27,33,54.5,1.385,-4.8%,1.0,0.5221
0,5/42/200,14,2.5,3.5,7-16h,106,50.9,1.423,-6.3%,1.4,43,44.2,1.095,-5.9%,0.39,0.522
0,9/26/150,14,2.5,4.0,6-17h,129,46.5,1.362,-9.4%,1.62,49,42.9,1.191,-7.3%,0.89,0.5214
0,9/42/200,14,3.0,3.0,7-16h,82,62.2,1.579,-8.7%,1.18,33,48.5,0.932,-5.9%,-0.19,0.5213
0,5/42/200,20,2.0,2.5,7-16h,118,53.4,1.395,-5.4%,1.41,47,44.7,0.998,-5.7%,-0.01,0.5212
0,5/42/150,14,2.0,3.0,6-17h,144,47.2,1.309,-4.5%,1.54,56,39.3,0.959,-8.6%,-0.23,0.5211
0,9/42/200,20,2.5,4.0,7-16h,84,48.8,1.474,-7.7%,1.34,31,45.2,1.301,-4.9%,0.88,0.521
0,5/42/80,10,2.5,3.5,7-16h,126,50.0,1.372,-6.8%,1.5,50,44.0,1.088,-5.7%,0.41,0.5209
0,5/42/200,10,2.5,3.0,6-17h,126,54.0,1.388,-4.9%,1.4,46,47.8,1.087,-3.8%,0.36,0.5209
0,12/26/150,20,2.0,3.5,6-17h,120,44.2,1.375,-7.6%,1.52,47,40.4,1.175,-7.8%,0.82,0.5208
0,5/42/80,14,2.5,3.5,6-17h,153,49.0,1.32,-7.2%,1.61,57,38.6,0.87,-6.6%,-0.75,0.5206
0,5/50/200,14,2.0,2.5,6-17h,133,52.6,1.359,-5.2%,1.46,47,40.4,0.839,-8.3%,-0.74,0.5204
0,5/50/150,10,3.0,2.5,6-17h,120,64.2,1.461,-5.1%,1.26,42,54.8,1.0,-6.2%,-0.0,0.5203
0,5/50/200,10,3.0,3.5,7-16h,101,56.4,1.466,-7.6%,1.34,34,50.0,1.154,-7.4%,0.45,0.5203
0,9/42/100,10,2.0,4.0,7-16h,108,41.7,1.377,-10.5%,1.61,42,38.1,1.207,-7.7%,0.95,0.52
0,5/42/200,14,3.0,2.5,7-16h,106,65.1,1.525,-7.3%,1.21,41,58.5,1.166,-5.1%,0.48,0.5198
0,5/50/200,14,2.5,2.5,6-17h,122,59.0,1.414,-4.0%,1.3,45,44.4,0.792,-7.8%,-0.85,0.5195
0,9/42/80,14,2.0,2.5,7-16h,134,53.0,1.373,-8.6%,1.54,50,46.0,1.052,-4.5%,0.24,0.5194
0,5/42/200,20,2.5,2.5,6-17h,131,58.8,1.411,-5.9%,1.37,49,44.9,0.809,-7.9%,-0.85,0.5193
0,5/50/150,10,2.0,2.5,6-17h,143,52.4,1.344,-7.1%,1.54,52,40.4,0.837,-9.5%,-0.82,0.5193
0,9/42/100,10,1.5,3.0,7-16h,117,41.0,1.345,-8.8%,1.6,48,35.4,1.079,-7.7%,0.42,0.5192
0,5/26/200,14,2.5,3.0,7-16h,131,54.2,1.395,-9.0%,1.51,52,46.2,1.018,-9.6%,0.08,0.5191
0,9/26/200,10,2.0,3.5,6-17h,135,43.7,1.319,-8.1%,1.62,53,43.4,1.315,-6.8%,1.71,0.5191
0,5/34/80,20,2.0,2.5,7-16h,156,51.9,1.327,-7.1%,1.57,60,40.0,0.823,-10.2%,-1.03,0.519
0,5/42/100,10,2.0,2.5,6-17h,167,51.5,1.306,-6.3%,1.58,63,38.1,0.766,-12.9%,-1.49,0.5189
0,9/42/100,14,1.5,3.0,7-16h,117,41.0,1.342,-8.8%,1.6,48,33.3,0.986,-8.7%,-0.08,0.5188
0,9/42/200,10,1.5,3.0,7-16h,94,42.6,1.418,-11.5%,1.55,39,35.9,1.102,-6.9%,0.44,0.5188
0,9/26/100,14,2.0,3.5,7-16h,130,43.8,1.326,-7.8%,1.59,53,41.5,1.216,-5.9%,1.21,0.5186
0,5/42/100,14,3.0,3.0,6-17h,138,58.7,1.409,-7.8%,1.43,50,50.0,0.99,-6.9%,-0.04,0.5184
0,5/34/100,10,2.0,3.5,7-16h,138,44.2,1.322,-13.6%,1.8,49,40.8,1.193,-10.4%,0.95,0.5183
0,9/42/200,14,1.5,3.0,7-16h,94,42.6,1.414,-11.5%,1.55,39,33.3,0.985,-6.9%,-0.06,0.5182
0,5/42/100,10,3.0,3.5,7-16h,111,55.9,1.433,-8.2%,1.39,44,52.3,1.266,-6.5%,0.96,0.518
0,5/26/200,10,1.5,2.5,7-16h,153,44.4,1.302,-9.6%,1.69,59,32.2,0.784,-15.6%,-1.41,0.5178
0,5/34/200,20,1.5,2.5,7-16h,140,45.0,1.312,-9.9%,1.68,49,32.7,0.797,-13.3%,-1.08,0.5177
0,9/42/150,20,2.0,3.5,7-16h,93,46.2,1.436,-11.9%,1.51,38,36.8,1.007,-6.8%,0.03,0.5173
0,5/42/200,14,2.5,4.0,6-17h,121,46.3,1.351,-5.9%,1.45,45,37.8,0.959,-6.5%,-0.19,0.517
0,12/26/150,20,2.0,3.5,7-16h,100,45.0,1.416,-8.0%,1.4,43,46.5,1.512,-4.9%,2.05,0.5168
0,9/26/100,14,2.5,4.0,6-17h,137,46.0,1.337,-9.4%,1.6,51,41.2,1.108,-8.1%,0.54,0.5167
0,9/42/200,20,2.5,3.5,7-16h,84,52.4,1.485,-8.4%,1.28,32,50.0,1.382,-4.9%,1.06,0.5167
0,5/34/80,14,2.0,4.0,7-16h,136,40.4,1.305,-11.4%,1.73,58,36.2,1.119,-7.0%,0.75,0.5166
0,5/50/200,10,3.0,3.0,6-17h,111,59.5,1.439,-4.9%,1.24,40,50.0,0.99,-5.9%,-0.03,0.5163
0,9/42/80,10,3.0,3.5,7-16h,107,56.1,1.443,-8.8%,1.37,35,51.4,1.227,-5.6%,0.65,0.5163
0,9/42/200,10,2.5,3.5,7-16h,83,53.0,1.514,-11.8%,1.34,30,50.0,1.383,-4.9%,0.99,0.5162
0,5/50/80,10,2.5,2.5,6-17h,169,57.4,1.341,-6.8%,1.49,57,45.6,0.826,-8.8%,-0.86,0.516
0,5/34/100,10,2.0,2.5,7-16h,149,52.3,1.333,-9.3%,1.59,52,42.3,0.905,-11.2%,-0.46,0.5158
0,5/42/150,20,1.5,2.5,7-16h,131,45.0,1.323,-7.9%,1.56,52,36.5,0.948,-9.6%,-0.29,0.5158
0,12/26/150,10,2.0,3.5,6-17h,118,44.1,1.362,-7.6%,1.47,47,44.7,1.395,-6.8%,1.81,0.5156
0,12/26/200,20,2.0,3.5,7-16h,95,45.3,1.427,-8.2%,1.37,42,45.2,1.431,-4.9%,1.73,0.5156
0,5/34/80,10,2.0,2.5,7-16h,152,52.0,1.322,-7.4%,1.54,57,40.4,0.836,-11.7%,-0.91,0.5155
0,5/42/200,20,3.0,3.0,7-16h,105,60.0,1.468,-6.8%,1.24,41,48.8,0.943,-4.0%,-0.2,0.5155
0,5/42/150,14,2.5,3.5,7-16h,109,50.5,1.393,-6.3%,1.36,45,44.4,1.107,-5.9%,0.45,0.5152
0,9/34/80,10,2.5,3.0,7-16h,120,54.2,1.402,-6.8%,1.36,43,44.2,0.94,-8.9%,-0.24,0.5152
0,5/50/80,10,3.0,2.5,7-16h,137,63.5,1.436,-8.1%,1.34,45,46.7,0.718,-10.4%,-1.08,0.5151
0,5/42/200,20,2.5,3.0,6-17h,129,53.5,1.368,-4.8%,1.35,48,43.8,0.923,-5.0%,-0.34,0.515
0,5/42/100,20,3.0,4.0,6-17h,131,51.1,1.356,-8.7%,1.51,51,43.1,1.0,-6.6%,-0.0,0.5148
0,5/42/200,20,2.5,3.5,6-17h,125,49.6,1.357,-5.9%,1.41,47,40.4,0.938,-6.8%,-0.29,0.5148
0,5/42/80,20,2.5,2.5,7-16h,143,58.0,1.365,-5.0%,1.36,53,45.3,0.821,-8.8%,-0.86,0.5147
0,5/26/200,10,3.0,4.0,6-17h,133,51.1,1.356,-9.3%,1.53,53,45.3,1.091,-9.9%,0.45,0.5146
0,5/50/200,10,3.0,3.5,6-17h,110,55.5,1.419,-6.7%,1.31,37,51.4,1.218,-5.9%,0.67,0.5143
0,5/42/80,20,3.0,3.0,6-17h,146,58.2,1.377,-7.8%,1.43,57,43.9,0.774,-8.0%,-1.17,0.5142
0,5/50/100,10,3.0,2.5,6-17h,132,63.6,1.439,-7.7%,1.31,47,55.3,1.022,-5.6%,0.08,0.5142
0,12/26/100,10,2.0,3.5,6-17h,131,43.5,1.329,-7.8%,1.52,50,44.0,1.354,-5.2%,1.76,0.5141
0,5/26/200,10,2.5,3.5,7-16h,126,50.0,1.369,-9.4%,1.5,50,46.0,1.181,-8.7%,0.83,0.514
0,9/26/150,20,2.5,4.0,6-17h,130,46.2,1.348,-9.4%,1.54,50,44.0,1.249,-6.9%,1.17,0.514
0,5/42/150,20,3.0,3.0,7-16h,107,59.8,1.456,-6.8%,1.24,43,51.2,1.037,-4.0%,0.13,0.5139
0,9/34/100,14,2.0,3.0,7-16h,119,47.9,1.364,-5.9%,1.38,49,42.9,1.108,-6.0%,0.53,0.5138
0,5/42/100,20,3.0,2.5,6-17h,144,63.2,1.421,-8.4%,1.36,55,49.1,0.796,-10.2%,-0.93,0.5137
0,5/42/150,20,2.0,3.0,7-16h,123,48.0,1.353,-7.3%,1.45,50,44.0,1.163,-6.8%,0.79,0.5137
0,5/42/150,20,2.0,3.5,7-16h,118,44.1,1.338,-7.0%,1.47,50,40.0,1.153,-6.8%,0.78,0.5137
0,5/50/150,14,3.0,3.5,6-17h,116,55.2,1.399,-6.7%,1.34,40,57.5,1.568,-4.8%,1.68,0.5137
0,9/42/80,14,3.0,3.0,7-16h,114,59.6,1.437,-7.8%,1.31,39,48.7,0.939,-7.8%,-0.2,0.5137
0,5/50/150,20,3.0,3.5,6-17h,116,55.2,1.398,-6.7%,1.34,42,50.0,1.155,-6.2%,0.55,0.5136
0,9/26/100,10,2.5,3.5,6-17h,140,49.3,1.336,-8.4%,1.52,51,49.0,1.336,-7.0%,1.5,0.5136
0,5/42/80,14,3.0,3.0,7-16h,122,59.0,1.422,-6.8%,1.3,47,51.1,1.033,-5.9%,0.13,0.5135
0,5/50/80,14,3.0,3.0,7-16h,135,58.5,1.402,-7.7%,1.37,45,44.4,0.789,-10.6%,-0.85,0.5135
0,5/50/80,20,2.5,2.5,6-17h,169,57.4,1.338,-7.8%,1.49,57,43.9,0.772,-11.5%,-1.17,0.5133
0,9/42/100,20,2.5,4.0,7-16h,99,47.5,1.402,-7.8%,1.37,37,48.6,1.498,-3.2%,1.66,0.5133
0,5/50/200,10,3.0,2.5,6-17h,114,64.0,1.454,-5.1%,1.17,40,50.0,0.825,-7.3%,-0.57,0.5131
0,5/42/150,10,3.0,2.5,7-16h,110,64.5,1.481,-7.3%,1.19,42,57.1,1.101,-5.1%,0.31,0.5126
0,9/42/200,10,1.5,3.0,6-17h,111,41.4,1.357,-12.4%,1.61,43,34.9,1.056,-8.7%,0.26,0.5126
0,5/50/80,10,2.5,4.0,7-16h,135,45.9,1.319,-9.0%,1.56,49,36.7,0.914,-11.5%,-0.43,0.5125
0,5/50/80,20,2.0,2.5,7-16h,164,51.2,1.302,-5.9%,1.48,60,38.3,0.767,-10.9%,-1.38,0.5125
0,9/42/200,14,1.5,3.0,6-17h,111,41.4,1.354,-12.4%,1.61,43,32.6,0.952,-8.7%,-0.24,0.5122
0,5/42/80,20,2.0,2.5,7-16h,153,51.6,1.313,-6.3%,1.47,60,40.0,0.826,-10.8%,-1.03,0.5121
0,12/26/80,14,2.0,3.0,7-16h,126,47.6,1.354,-6.9%,1.41,51,43.1,1.122,-6.4%,0.61,0.5121
0,9/42/80,10,2.0,2.5,7-16h,135,52.6,1.353,-8.6%,1.47,50,40.0,0.827,-7.1%,-0.86,0.5118
0,9/42/200,10,2.5,3.0,7-16h,84,57.1,1.525,-12.5%,1.28,32,50.0,1.187,-4.9%,0.51,0.5118
0,5/50/150,20,2.0,2.5,7-16h,129,52.7,1.357,-7.5%,1.42,45,44.4,0.989,-7.1%,-0.05,0.5116
0,9/42/80,20,2.0,2.5,7-16h,133,52.6,1.356,-8.6%,1.46,49,46.9,1.093,-4.5%,0.41,0.5115
0,5/50/200,20,2.0,3.0,6-17h,133,47.4,1.332,-6.8%,1.44,47,42.6,1.098,-7.3%,0.45,0.5114
0,12/26/150,10,2.0,3.5,7-16h,98,44.9,1.401,-8.0%,1.35,42,47.6,1.571,-4.9%,2.24,0.5114
0,12/26/80,14,2.0,3.0,6-17h,149,47.0,1.323,-9.2%,1.54,57,40.4,1.002,-9.2%,0.01,0.5112
0,5/42/100,20,3.0,3.5,7-16h,112,55.4,1.402,-7.3%,1.32,47,46.8,1.016,-6.5%,0.07,0.5111
0,9/26/150,14,2.5,4.0,7-16h,106,47.2,1.399,-9.9%,1.42,46,43.5,1.221,-6.3%,0.96,0.5111
0,9/26/150,20,2.5,4.0,7-16h,106,47.2,1.399,-9.9%,1.42,47,44.7,1.284,-5.9%,1.25,0.5111
0,9/34/80,10,2.0,4.0,7-16h,129,40.3,1.32,-10.5%,1.59,50,30.0,0.847,-10.7%,-0.89,0.5111
0,5/42/150,14,2.5,2.5,7-16h,115,59.1,1.417,-5.9%,1.24,46,47.8,0.909,-6.9%,-0.37,0.511
0,5/42/200,10,3.0,3.5,7-16h,100,56.0,1.452,-8.4%,1.26,38,52.6,1.282,-5.9%,0.87,0.5109
0,9/42/200,10,2.0,3.0,6-17h,106,49.1,1.393,-9.7%,1.42,41,46.3,1.276,-5.9%,1.06,0.5109
0,5/50/150,14,2.0,2.5,6-17h,142,52.1,1.326,-7.1%,1.45,51,41.2,0.865,-8.9%,-0.66,0.5106
0,12/26/150,20,3.0,4.0,0-23h,166,50.0,1.314,-12.3%,1.66,64,48.4,1.253,-13.2%,1.37,0.5106
0,9/34/100,14,2.0,3.0,6-17h,138,47.1,1.324,-6.8%,1.44,55,41.8,1.064,-6.5%,0.35,0.5103
0,9/42/80,14,2.5,3.0,7-16h,119,54.6,1.4,-10.6%,1.43,43,46.5,1.032,-6.1%,0.12,0.5103
0,5/50/150,10,2.5,2.5,6-17h,130,58.5,1.377,-5.9%,1.3,46,50.0,0.99,-6.9%,-0.04,0.5099
0,5/34/100,20,2.5,4.0,7-16h,124,46.0,1.322,-6.3%,1.42,45,44.4,1.275,-9.3%,1.14,0.5098
0,12/26/100,14,2.0,3.5,6-17h,132,43.2,1.314,-6.9%,1.45,50,44.0,1.354,-5.2%,1.76,0.5095
0,9/26/80,10,2.0,3.0,7-16h,135,47.4,1.323,-8.2%,1.48,60,41.7,1.054,-10.2%,0.34,0.5094
0,5/34/80,20,2.0,3.0,7-16h,149,47.0,1.3,-8.8%,1.54,59,39.0,0.946,-9.3%,-0.32,0.509
0,5/50/150,10,1.5,2.5,7-16h,137,44.5,1.301,-8.1%,1.51,46,34.8,0.877,-12.1%,-0.61,0.509
0,5/42/100,10,3.0,2.5,6-17h,141,63.1,1.405,-8.4%,1.32,52,50.0,0.826,-8.8%,-0.74,0.5088
0,5/42/200,10,2.0,4.0,7-16h,108,40.7,1.333,-6.8%,1.4,46,37.0,1.156,-7.7%,0.77,0.5087
0,12/26/80,10,2.5,3.5,6-17h,132,49.2,1.362,-8.9%,1.42,49,42.9,1.038,-7.0%,0.18,0.5087
0,12/26/100,10,2.0,4.0,6-17h,129,40.3,1.336,-12.3%,1.59,49,36.7,1.146,-8.8%,0.77,0.5087
0,5/34/80,14,2.0,2.5,7-16h,153,51.6,1.305,-7.4%,1.47,60,40.0,0.825,-10.6%,-1.03,0.5083
0,12/26/200,20,2.0,3.5,6-17h,114,43.9,1.357,-7.6%,1.37,45,40.0,1.153,-6.9%,0.7,0.5079
0,5/42/150,14,2.5,3.5,6-17h,128,49.2,1.33,-5.9%,1.36,49,42.9,1.038,-5.9%,0.18,0.5077
0,9/26/80,20,2.0,3.0,7-16h,135,47.4,1.327,-9.2%,1.48,60,46.7,1.282,-4.5%,1.67,0.5076
0,5/42/150,10,2.5,3.5,6-17h,128,49.2,1.33,-6.0%,1.36,47,44.7,1.119,-5.9%,0.52,0.5075
0,9/26/100,10,2.0,3.5,7-16h,129,43.4,1.306,-7.8%,1.47,55,40.0,1.144,-7.0%,0.86,0.5075
0,9/42/80,20,2.5,3.0,7-16h,123,53.7,1.362,-6.4%,1.31,42,47.6,1.08,-6.1%,0.29,0.5073
0,9/42/150,10,2.0,3.0,7-16h,96,50.0,1.427,-13.2%,1.43,40,42.5,1.093,-4.9%,0.37,0.5073
0,5/50/150,10,3.0,4.0,6-17h,111,51.4,1.374,-6.5%,1.29,38,52.6,1.475,-5.9%,1.46,0.5072
0,9/34/80,14,2.5,3.0,7-16h,119,53.8,1.384,-6.8%,1.28,46,41.3,0.837,-9.8%,-0.73,0.5072
0,9/26/200,10,2.5,3.5,6-17h,125,49.6,1.349,-8.7%,1.41,48,50.0,1.391,-6.8%,1.62,0.5068
0,5/42/80,10,3.0,3.0,7-16h,121,58.7,1.402,-6.8%,1.24,47,51.1,1.033,-5.9%,0.13,0.5067
0,9/34/80,14,2.0,4.0,7-16h,130,40.0,1.306,-9.6%,1.52,49,32.7,0.956,-7.8%,-0.25,0.5066
0,9/42/200,20,1.5,3.0,7-16h,92,42.4,1.395,-13.2%,1.48,39,35.9,1.1,-6.8%,0.44,0.5065
0,12/26/80,10,2.5,3.5,7-16h,114,50.0,1.386,-8.9%,1.34,44,45.5,1.152,-6.1%,0.63,0.5064
0,15/26/80,10,1.5,3.0,7-16h,130,40.0,1.305,-9.7%,1.52,47,31.9,0.926,-10.6%,-0.41,0.5061
0,9/42/200,20,2.0,3.0,7-16h,90,50.0,1.436,-11.5%,1.33,37,43.2,1.126,-4.9%,0.46,0.5059
0,5/42/80,10,2.5,2.5,7-16h,136,58.1,1.366,-7.0%,1.3,51,43.1,0.749,-10.6%,-1.17,0.5058
0,9/34/100,10,2.5,3.0,7-16h,105,54.3,1.411,-6.3%,1.19,41,53.7,1.375,-6.4%,1.24,0.5058
0,5/26/200,20,2.5,4.0,7-16h,126,46.0,1.335,-9.8%,1.46,49,44.9,1.29,-8.1%,1.35,0.5057
0,5/50/100,10,2.5,3.5,7-16h,125,49.6,1.335,-8.5%,1.41,45,46.7,1.214,-6.2%,0.87,0.5056
0,9/26/200,20,2.0,3.5,7-16h,113,44.2,1.354,-10.3%,1.44,49,42.9,1.297,-5.9%,1.44,0.5056
0,9/42/150,10,3.0,3.5,7-16h,82,57.3,1.503,-10.7%,1.17,30,50.0,1.154,-6.7%,0.39,0.5056
0,5/42/100,10,2.5,4.0,7-16h,115,46.1,1.335,-6.2%,1.33,43,41.9,1.14,-7.2%,0.59,0.5055
0,5/34/80,14,2.5,3.0,7-16h,135,53.3,1.349,-8.5%,1.38,52,42.3,0.869,-9.8%,-0.64,0.5051
0,5/34/100,14,2.5,4.0,7-16h,122,45.9,1.318,-6.9%,1.38,45,44.4,1.275,-9.3%,1.14,0.5051
0,9/42/200,10,3.0,3.0,6-17h,95,60.0,1.46,-6.9%,1.11,34,50.0,0.99,-5.9%,-0.03,0.5051
0,9/42/80,10,2.0,4.0,7-16h,126,40.5,1.304,-12.3%,1.6,45,33.3,0.985,-7.8%,-0.07,0.505
0,5/50/150,14,2.0,2.5,7-16h,125,52.8,1.355,-9.3%,1.39,45,42.2,0.903,-8.1%,-0.42,0.5046
0,12/26/100,20,2.0,3.5,7-16h,112,43.8,1.341,-6.6%,1.32,46,45.7,1.456,-3.9%,2.0,0.5046
0,5/50/150,10,2.0,2.5,7-16h,125,52.8,1.354,-9.3%,1.39,46,41.3,0.87,-9.0%,-0.58,0.5045
0,5/26/200,14,2.5,4.0,6-17h,143,45.5,1.304,-11.1%,1.54,55,43.6,1.226,-9.0%,1.2,0.5039
0,5/42/150,20,3.0,4.0,7-16h,100,52.0,1.399,-8.1%,1.25,42,47.6,1.201,-6.5%,0.75,0.5039
0,5/26/200,10,3.0,4.0,7-16h,119,51.3,1.363,-9.9%,1.38,47,46.8,1.16,-9.0%,0.68,0.5036
0,5/42/80,14,2.5,2.5,6-17h,163,57.1,1.316,-6.9%,1.36,61,41.0,0.693,-14.2%,-1.78,0.5035
0,5/50/200,14,3.0,3.5,7-16h,101,55.4,1.416,-7.6%,1.19,34,50.0,1.154,-7.4%,0.45,0.5032
0,5/42/200,20,3.0,4.0,7-16h,98,52.0,1.402,-8.1%,1.23,40,45.0,1.079,-6.5%,0.29,0.5029
0,5/50/200,20,3.0,3.5,7-16h,101,55.4,1.414,-7.6%,1.19,35,42.9,0.866,-8.9%,-0.44,0.5029
0,5/50/200,14,3.0,3.0,7-16h,103,59.2,1.423,-5.9%,1.11,35,48.6,0.935,-7.8%,-0.19,0.5027
0,5/50/150,14,2.5,2.5,6-17h,129,58.1,1.358,-5.9%,1.23,47,46.8,0.871,-6.9%,-0.53,0.5025
0,9/26/100,20,2.5,4.0,6-17h,139,45.3,1.304,-9.4%,1.46,52,42.3,1.161,-6.8%,0.82,0.5025
0,5/50/150,14,3.0,3.5,7-16h,105,55.2,1.4,-7.6%,1.21,36,55.6,1.449,-5.9%,1.23,0.5024
0,9/42/150,20,3.0,4.0,7-16h,85,52.9,1.442,-8.7%,1.17,31,48.4,1.238,-7.1%,0.64,0.5023
0,5/50/150,20,3.0,3.5,7-16h,105,55.2,1.398,-7.6%,1.21,37,48.6,1.094,-7.3%,0.3,0.5022
0,5/50/100,20,3.0,4.0,6-17h,126,50.8,1.34,-9.3%,1.38,46,45.7,1.107,-4.0%,0.45,0.5021
0,5/42/80,10,2.5,2.5,6-17h,161,57.1,1.321,-7.8%,1.36,58,41.4,0.697,-11.6%,-1.63,0.5017
0,5/26/200,10,2.5,3.5,6-17h,143,49.0,1.314,-10.9%,1.48,56,44.6,1.118,-9.6%,0.61,0.5016
0,5/50/80,10,3.0,3.0,6-17h,144,57.6,1.35,-7.8%,1.3,50,48.0,0.912,-8.8%,-0.37,0.5016
0,12/26/150,14,2.0,3.5,6-17h,120,43.3,1.324,-7.6%,1.34,47,44.7,1.395,-6.8%,1.81,0.5014
0,5/42/150,10,3.0,3.5,7-16h,103,55.3,1.411,-8.4%,1.2,40,55.0,1.414,-5.9%,1.29,0.5012
0,9/26/80,10,2.5,3.5,7-16h,117,49.6,1.348,-7.8%,1.3,50,50.0,1.385,-3.9%,1.69,0.5012
0,5/26/200,20,2.5,3.0,7-16h,133,53.4,1.351,-10.0%,1.37,51,47.1,1.056,-9.6%,0.25,0.5011
0,9/34/100,20,2.0,3.0,7-16h,118,47.5,1.339,-6.9%,1.28,49,49.0,1.411,-4.5%,1.87,0.501
0,9/42/200,14,2.0,3.0,6-17h,105,48.6,1.37,-9.7%,1.32,41,46.3,1.278,-5.9%,1.06,0.5008
0,9/42/100,20,3.0,4.0,7-16h,92,52.2,1.411,-7.7%,1.17,35,51.4,1.396,-5.2%,1.17,0.5007
0,12/26/150,20,3.0,4.0,7-16h,88,52.3,1.437,-7.7%,1.12,41,48.8,1.258,-5.3%,0.92,0.5007
0,5/50/80,10,2.5,2.5,7-16h,150,57.3,1.33,-6.8%,1.29,51,41.2,0.686,-11.5%,-1.48,0.5006
0,9/26/100,14,2.5,3.5,6-17h,142,48.6,1.301,-7.8%,1.38,53,47.2,1.236,-7.0%,1.14,0.5006
0,5/26/200,10,3.0,3.5,6-17h,139,54.0,1.335,-9.9%,1.39,54,46.3,0.995,-10.7%,-0.02,0.5005
0,9/26/150,20,2.5,3.5,6-17h,133,48.9,1.316,-7.8%,1.35,51,45.1,1.139,-7.0%,0.65,0.5005
0,9/26/200,10,2.0,3.5,7-16h,111,44.1,1.342,-10.3%,1.39,49,42.9,1.284,-5.9%,1.44,0.5005
0,9/34/100,20,2.0,3.0,6-17h,137,46.7,1.303,-6.8%,1.34,56,46.4,1.285,-5.4%,1.49,0.5005
0,9/42/200,20,2.0,3.0,6-17h,105,48.6,1.367,-9.7%,1.32,40,45.0,1.21,-5.9%,0.8,0.5004
0,12/26/200,14,2.0,4.0,6-17h,114,40.4,1.34,-10.5%,1.4,44,38.6,1.243,-6.0%,1.13,0.5004
0,9/26/150,14,2.5,3.5,6-17h,133,48.9,1.313,-7.8%,1.35,51,49.0,1.336,-6.8%,1.5,0.5001
0,9/42/80,10,2.5,3.5,7-16h,113,50.4,1.374,-12.7%,1.41,38,50.0,1.392,-3.8%,1.27,0.5001
0,12/26/100,14,2.0,4.0,7-16h,111,40.5,1.337,-10.5%,1.4,44,40.9,1.365,-6.8%,1.67,0.5
0,12/26/200,14,2.0,4.0,7-16h,95,41.1,1.37,-8.7%,1.27,40,42.5,1.456,-4.9%,1.86,0.4999
0,12/26/80,10,2.0,3.0,7-16h,125,47.2,1.332,-7.8%,1.31,49,40.8,1.021,-6.5%,0.11,0.4998
0,5/42/150,20,3.0,4.0,6-17h,118,50.8,1.341,-7.8%,1.29,46,45.7,1.109,-6.2%,0.45,0.4997
0,5/50/150,20,2.0,3.0,7-16h,127,47.2,1.315,-7.8%,1.34,45,44.4,1.187,-6.4%,0.79,0.4997
0,5/50/150,14,2.5,2.5,7-16h,118,58.5,1.37,-6.0%,1.17,42,45.2,0.817,-7.8%,-0.69,0.4996
0,5/50/100,20,3.0,4.0,7-16h,113,51.3,1.357,-9.3%,1.31,42,42.9,0.988,-7.5%,-0.05,0.4995
0,5/50/150,14,3.0,3.0,7-16h,107,58.9,1.399,-5.9%,1.11,37,54.1,1.168,-5.9%,0.48,0.4995
0,12/26/200,20,3.0,4.0,7-16h,86,52.3,1.445,-8.1%,1.1,39,46.2,1.13,-5.3%,0.46,0.4995
0,12/26/80,10,2.0,3.0,6-17h,148,46.6,1.304,-10.1%,1.44,55,40.0,0.988,-8.3%,-0.07,0.4994
0,5/34/80,20,2.5,3.0,7-16h,138,52.9,1.328,-8.4%,1.33,52,44.2,0.94,-9.7%,-0.28,0.4993
0,9/42/200,14,2.5,4.0,7-16h,83,48.2,1.432,-11.1%,1.23,30,43.3,1.208,-4.9%,0.6,0.4993
0,5/26/150,10,3.0,4.0,6-17h,139,50.4,1.314,-10.8%,1.44,56,44.6,1.064,-9.7%,0.33,0.499
0,9/42/150,20,2.5,4.0,7-16h,88,47.7,1.404,-10.0%,1.24,33,45.5,1.32,-5.1%,0.98,0.4989
0,9/26/150,20,3.0,4.0,6-17h,122,50.8,1.349,-9.7%,1.33,48,45.8,1.118,-7.2%,0.51,0.4988
0,5/42/150,14,2.0,2.5,7-16h,121,52.1,1.324,-5.1%,1.21,51,43.1,0.939,-8.8%,-0.3,0.4986
0,5/50/200,14,3.0,3.5,6-17h,110,54.5,1.374,-6.7%,1.17,38,52.6,1.282,-4.8%,0.87,0.4985
0,5/42/150,10,2.0,2.5,7-16h,121,52.1,1.322,-5.1%,1.21,51,43.1,0.939,-8.8%,-0.3,0.4983
0,5/50/200,20,3.0,3.5,6-17h,110,54.5,1.372,-6.7%,1.17,40,45.0,0.945,-6.7%,-0.2,0.4982
0,5/50/200,14,3.0,2.5,7-16h,105,63.8,1.434,-6.3%,1.04,36,50.0,0.824,-8.7%,-0.52,0.4981
0,9/42/100,14,3.0,4.0,7-16h,90,52.2,1.408,-8.2%,1.15,32,50.0,1.322,-5.2%,0.88,0.4979
0,5/50/100,10,2.5,4.0,7-16h,120,45.8,1.311,-8.3%,1.34,44,43.2,1.206,-7.3%,0.86,0.4978
0,12/26/150,10,2.0,4.0,6-17h,117,40.2,1.326,-10.5%,1.39,46,39.1,1.272,-6.9%,1.3,0.4978
0,5/26/200,14,2.5,3.5,7-16h,126,49.2,1.33,-9.4%,1.34,52,46.2,1.189,-8.7%,0.9,0.4976
0,5/42/150,14,2.5,3.0,6-17h,131,52.7,1.312,-4.9%,1.21,50,44.0,0.933,-6.4%,-0.31,0.4975
0,5/42/150,14,3.0,2.5,7-16h,110,63.6,1.43,-7.3%,1.07,43,60.5,1.265,-5.1%,0.77,0.4974
0,5/34/150,10,2.0,3.5,7-16h,126,43.7,1.302,-12.3%,1.49,49,38.8,1.094,-11.9%,0.48,0.4972
0,5/50/100,14,3.0,3.0,7-16h,118,58.5,1.385,-7.8%,1.17,41,51.2,1.04,-6.9%,0.13,0.4972
0,5/50/150,10,3.0,4.0,7-16h,101,51.5,1.376,-7.8%,1.19,35,51.4,1.406,-6.5%,1.17,0.4972
0,9/42/150,14,2.0,3.0,7-16h,95,49.5,1.403,-13.2%,1.33,40,42.5,1.094,-5.9%,0.37,0.4971
0,9/42/200,10,3.0,3.5,6-17h,94,55.3,1.411,-6.7%,1.08,31,51.6,1.23,-5.9%,0.59,0.4969
0,5/42/200,14,2.5,3.0,6-17h,127,52.8,1.321,-4.8%,1.18,48,45.8,1.004,-4.7%,0.02,0.4968
0,5/50/100,10,3.0,3.5,7-16h,113,54.9,1.371,-9.4%,1.25,40,52.5,1.278,-6.2%,0.9,0.4968
0,9/34/200,10,2.0,3.0,7-16h,97,48.5,1.371,-7.8%,1.19,46,41.3,1.041,-7.4%,0.19,0.4967
0,5/26/200,14,2.5,3.0,6-17h,150,52.7,1.312,-10.7%,1.4,59,47.5,1.073,-9.4%,0.38,0.4962
0,9/26/150,14,3.0,4.0,6-17h,118,50.8,1.348,-9.7%,1.29,46,47.8,1.214,-7.4%,0.86,0.4959
0,9/34/200,10,3.0,3.0,7-16h,87,59.8,1.457,-6.8%,0.98,38,52.6,1.1,-7.8%,0.3,0.4959
0,5/42/200,10,2.5,3.5,6-17h,123,48.8,1.314,-5.9%,1.22,44,43.2,1.052,-5.9%,0.22,0.4958
0,5/42/200,14,2.5,3.5,6-17h,123,48.8,1.314,-5.9%,1.22,47,42.6,1.025,-4.5%,0.11,0.4958
0,9/42/200,14,2.5,3.5,7-16h,83,51.8,1.445,-11.8%,1.18,31,48.4,1.295,-4.9%,0.82,0.4958
0,5/26/200,20,3.0,4.0,6-17h,133,50.4,1.32,-10.5%,1.37,54,46.3,1.137,-8.7%,0.68,0.4956
0,12/26/150,14,2.0,3.5,7-16h,100,44.0,1.355,-8.0%,1.21,42,50.0,1.72,-4.9%,2.76,0.4954
0,5/26/150,10,2.5,4.0,7-16h,127,45.7,1.313,-10.8%,1.39,52,44.2,1.259,-7.7%,1.28,0.4953
0,5/42/80,14,2.5,4.0,7-16h,123,45.5,1.301,-8.0%,1.31,50,36.0,0.888,-8.4%,-0.59,0.4952
0,9/42/100,20,1.5,3.0,7-16h,114,40.4,1.3,-10.6%,1.4,48,35.4,1.077,-8.7%,0.42,0.4948
0,9/42/100,10,2.5,3.0,7-16h,96,55.2,1.431,-12.3%,1.21,37,54.1,1.4,-3.6%,1.17,0.4947
0,5/26/200,10,2.5,3.0,7-16h,130,53.1,1.329,-9.0%,1.28,52,46.2,1.018,-9.6%,0.08,0.4942
0,9/26/80,10,2.5,3.0,6-17h,147,52.4,1.305,-8.6%,1.31,56,50.0,1.188,-7.3%,0.9,0.4942
0,9/26/200,20,2.0,4.0,7-16h,111,40.5,1.331,-12.5%,1.4,48,43.8,1.537,-5.9%,2.59,0.4942
0,9/42/200,10,2.5,3.5,6-17h,97,50.5,1.392,-10.2%,1.2,33,51.5,1.474,-5.9%,1.31,0.4941
0,9/26/100,20,3.0,4.0,6-17h,129,50.4,1.329,-10.5%,1.33,50,44.0,1.036,-7.1%,0.17,0.4939
0,12/26/200,14,2.0,3.5,7-16h,95,44.2,1.363,-8.2%,1.18,41,48.8,1.633,-4.9%,2.43,0.4938
0,5/42/100,20,3.0,3.5,6-17h,134,53.7,1.321,-9.1%,1.29,52,44.2,0.915,-6.7%,-0.41,0.4936
0,5/42/200,14,3.0,3.5,7-16h,100,55.0,1.395,-8.4%,1.12,38,52.6,1.282,-5.9%,0.87,0.4935
0,5/42/200,20,3.0,2.5,7-16h,107,63.6,1.422,-7.3%,1.03,42,54.8,1.0,-5.6%,-0.0,0.4935
0,5/42/100,14,3.0,3.5,7-16h,112,54.5,1.359,-8.2%,1.18,44,52.3,1.266,-6.5%,0.96,0.4934
0,9/26/100,20,2.0,3.0,7-16h,130,46.9,1.302,-8.8%,1.31,56,46.4,1.273,-6.8%,1.49,0.4934
0,5/42/100,10,3.0,3.5,6-17h,132,53.8,1.324,-9.1%,1.28,47,48.9,1.107,-6.5%,0.43,0.4933
0,5/42/150,14,3.0,3.5,7-16h,102,54.9,1.388,-8.4%,1.13,40,55.0,1.414,-5.9%,1.29,0.4933
0,12/26/100,20,2.0,3.0,6-17h,133,46.6,1.303,-7.8%,1.27,52,46.2,1.267,-6.4%,1.32,0.4932
0,5/42/80,10,2.5,4.0,7-16h,121,45.5,1.301,-8.0%,1.28,44,38.6,0.994,-8.4%,-0.03,0.4931
0,5/42/100,14,3.0,2.5,6-17h,143,62.2,1.36,-8.4%,1.18,53,52.8,0.924,-8.8%,-0.31,0.493
0,9/42/200,20,2.5,4.0,6-17h,99,46.5,1.36,-8.6%,1.19,34,47.1,1.41,-5.9%,1.27,0.493
0,12/26/200,20,1.5,3.0,7-16h,99,40.4,1.338,-7.8%,1.2,44,40.9,1.354,-5.0%,1.67,0.493
0,5/50/80,20,2.5,2.5,7-16h,153,56.9,1.302,-6.8%,1.23,52,42.3,0.724,-11.4%,-1.32,0.4926
0,9/34/100,10,2.5,3.0,6-17h,121,52.9,1.344,-6.9%,1.15,46,50.0,1.192,-6.4%,0.74,0.4926
0,12/26/150,14,2.5,4.0,7-16h,95,46.3,1.366,-7.2%,1.12,41,46.3,1.37,-5.3%,1.4,0.4926
0,12/26/150,20,2.5,4.0,7-16h,95,46.3,1.366,-7.2%,1.12,42,47.6,1.444,-4.9%,1.69,0.4926
0,9/42/200,10,3.0,2.5,7-16h,83,65.1,1.499,-9.0%,0.93,33,48.5,0.777,-6.8%,-0.62,0.4924
0,12/26/100,10,2.0,3.5,7-16h,111,43.2,1.307,-6.6%,1.21,45,46.7,1.508,-3.9%,2.19,0.4924
0,5/42/200,20,3.0,3.5,7-16h,100,55.0,1.386,-8.4%,1.12,40,47.5,1.044,-5.9%,0.16,0.4923
0,5/42/150,20,3.0,3.5,7-16h,102,54.9,1.38,-8.4%,1.13,42,50.0,1.155,-5.9%,0.55,0.4922
0,9/26/200,20,2.5,4.0,6-17h,125,45.6,1.315,-11.1%,1.35,48,43.8,1.235,-6.9%,1.07,0.492
0,9/26/200,10,2.5,3.5,7-16h,104,50.0,1.371,-10.3%,1.21,45,51.1,1.454,-5.9%,1.73,0.4917
0,9/26/150,14,2.5,3.5,7-16h,109,49.5,1.349,-9.1%,1.2,48,50.0,1.389,-5.9%,1.62,0.4912
0,9/42/150,10,2.5,3.5,7-16h,87,51.7,1.432,-14.4%,1.23,32,50.0,1.386,-5.1%,1.06,0.491
0,5/42/150,20,2.0,2.5,7-16h,124,51.6,1.303,-5.6%,1.16,51,45.1,1.015,-6.9%,0.07,0.4909
0,5/34/100,10,2.5,3.0,7-16h,130,53.1,1.329,-10.4%,1.28,48,45.8,1.004,-10.7%,0.02,0.4908
0,5/42/80,14,2.5,2.5,7-16h,138,57.2,1.32,-6.8%,1.16,54,42.6,0.739,-11.5%,-1.32,0.4902
0,9/42/150,20,2.5,4.0,6-17h,104,46.2,1.333,-8.6%,1.2,37,45.9,1.351,-7.0%,1.19,0.4901
0,5/34/150,10,2.0,3.0,7-16h,131,47.3,1.3,-12.9%,1.41,49,40.8,1.022,-11.0%,0.11,0.4899
0,5/26/200,10,3.0,3.5,7-16h,122,54.1,1.342,-10.2%,1.23,48,47.9,1.062,-9.8%,0.26,0.4896
0,5/50/150,14,3.0,3.0,6-17h,116,57.8,1.344,-4.9%,1.04,42,54.8,1.202,-5.0%,0.64,0.4896
0,9/26/200,20,2.5,4.0,7-16h,103,46.6,1.363,-12.4%,1.27,45,44.4,1.27,-5.9%,1.14,0.4896
0,5/42/200,14,2.5,2.5,6-17h,129,57.4,1.329,-5.9%,1.1,50,46.0,0.846,-7.0%,-0.69,0.4894
0,9/34/80,10,3.0,3.0,7-16h,114,57.9,1.36,-5.9%,1.04,41,43.9,0.775,-10.5%,-0.85,0.4894
0,9/34/100,14,2.5,3.0,7-16h,105,53.3,1.362,-6.3%,1.05,44,50.0,1.185,-6.4%,0.7,0.4894
0,12/34/80,10,3.0,3.5,7-16h,115,53.9,1.335,-6.8%,1.12,36,52.8,1.289,-3.0%,0.85,0.4894
0,12/26/200,10,2.0,3.5,7-16h,93,44.1,1.356,-8.2%,1.13,41,46.3,1.488,-4.9%,1.91,0.4893
0,5/34/200,14,2.5,3.0,7-16h,120,53.3,1.342,-9.8%,1.21,45,44.4,0.949,-9.8%,-0.21,0.4892
0,5/42/200,10,2.5,2.5,6-17h,129,57.4,1.328,-6.0%,1.1,48,47.9,0.912,-6.0%,-0.37,0.4892
0,9/26/100,20,2.5,4.0,7-16h,116,45.7,1.318,-9.9%,1.26,49,42.9,1.187,-5.9%,0.89,0.4891
0,5/42/150,10,3.0,3.0,6-17h,123,57.7,1.343,-6.9%,1.1,46,52.2,1.081,-5.0%,0.3,0.4889
0,9/26/150,14,2.0,4.0,7-16h,114,40.4,1.319,-14.0%,1.4,50,38.0,1.206,-5.9%,1.12,0.4889
0,9/42/100,14,2.5,4.0,7-16h,96,46.9,1.361,-11.3%,1.22,36,47.2,1.414,-3.2%,1.37,0.4886
0,5/42/200,10,2.5,4.0,7-16h,103,45.6,1.315,-5.5%,1.1,40,42.5,1.17,-5.9%,0.66,0.4885
0,9/42/80,20,2.5,4.0,7-16h,116,45.7,1.302,-9.4%,1.26,38,44.7,1.283,-3.6%,1.01,0.4884
0,12/26/200,14,2.0,3.5,6-17h,114,43.0,1.304,-7.6%,1.19,45,44.4,1.378,-5.9%,1.68,0.4883
0,9/34/80,10,2.5,3.0,6-17h,138,52.2,1.3,-7.2%,1.18,49,42.9,0.888,-9.5%,-0.51,0.4879
0,9/42/150,10,2.0,3.0,6-17h,113,47.8,1.327,-11.5%,1.28,44,43.2,1.125,-6.8%,0.54,0.4878
0,9/34/150,10,2.0,3.0,7-16h,103,47.6,1.331,-7.3%,1.12,48,41.7,1.057,-8.3%,0.28,0.4877
0,5/50/200,10,3.0,4.0,6-17h,107,50.5,1.328,-6.5%,1.09,36,47.2,1.181,-6.2%,0.58,0.4871
0,9/42/200,20,2.5,3.5,6-17h,99,49.5,1.343,-6.7%,1.07,35,51.4,1.467,-5.9%,1.38,0.4871
0,5/50/200,10,3.0,4.0,7-16h,98,51.0,1.35,-7.4%,1.08,33,45.5,1.099,-8.4%,0.3,0.487
0,5/42/150,10,3.0,3.5,6-17h,121,53.7,1.326,-8.2%,1.15,43,51.2,1.212,-5.9%,0.75,0.4868
0,9/42/80,20,3.0,3.0,7-16h,116,57.8,1.342,-6.0%,1.04,41,48.8,0.942,-7.8%,-0.2,0.4868
0,5/42/150,14,3.0,4.0,7-16h,100,51.0,1.349,-8.1%,1.1,39,51.3,1.395,-5.9%,1.28,0.4867
0,9/26/100,14,2.5,4.0,7-16h,114,45.6,1.314,-9.9%,1.23,48,41.7,1.13,-7.2%,0.61,0.4865
0,9/26/200,14,2.0,3.5,7-16h,113,43.4,1.304,-10.3%,1.26,48,43.8,1.332,-5.9%,1.63,0.4863
0,9/42/80,14,3.0,3.5,7-16h,110,54.5,1.356,-10.6%,1.17,35,51.4,1.227,-5.6%,0.65,0.4862
0,12/26/200,14,1.5,3.0,7-16h,100,40.0,1.319,-7.8%,1.14,45,35.6,1.085,-6.0%,0.43,0.4862
0,5/42/100,14,3.0,4.0,7-16h,109,50.5,1.317,-7.3%,1.12,43,48.8,1.263,-7.4%,0.98,0.4858
0,5/42/200,14,3.0,4.0,7-16h,98,51.0,1.351,-8.1%,1.08,37,48.6,1.251,-5.9%,0.81,0.4856
0,5/50/200,14,3.0,3.0,6-17h,111,57.7,1.344,-4.9%,0.98,40,50.0,0.99,-5.9%,-0.03,0.4855
0,9/42/150,14,3.0,4.0,7-16h,82,52.4,1.411,-10.8%,1.06,29,44.8,1.072,-7.1%,0.19,0.4853
0,12/26/200,14,2.5,4.0,7-16h,91,46.2,1.36,-7.6%,1.04,39,43.6,1.222,-4.9%,0.83,0.4852
0,12/26/200,20,2.5,4.0,7-16h,91,46.2,1.36,-7.6%,1.04,40,45.0,1.295,-4.9%,1.11,0.4852
0,9/42/100,10,2.5,3.5,7-16h,95,50.5,1.379,-12.5%,1.18,35,54.3,1.647,-3.2%,1.82,0.4851
0,12/26/100,20,2.0,3.0,7-16h,113,46.9,1.312,-7.3%,1.12,47,51.1,1.535,-4.5%,2.24,0.4851
0,9/42/150,20,2.0,3.0,6-17h,111,47.7,1.322,-11.5%,1.25,44,43.2,1.126,-7.8%,0.54,0.485
0,5/42/200,10,3.0,3.0,6-17h,118,57.6,1.344,-6.8%,1.04,44,52.3,1.084,-3.0%,0.3,0.4849
0,9/42/150,10,3.0,3.0,7-16h,83,60.2,1.456,-11.4%,0.99,33,48.5,0.931,-6.8%,-0.19,0.4849
0,9/42/200,14,3.0,4.0,6-17h,94,51.1,1.36,-7.7%,1.04,30,46.7,1.154,-5.9%,0.42,0.4848
0,12/26/150,10,2.0,4.0,7-16h,97,40.2,1.322,-8.7%,1.14,41,41.5,1.404,-5.9%,1.67,0.4844
0,12/26/150,10,2.5,3.5,7-16h,95,49.5,1.356,-7.4%,1.02,41,53.7,1.608,-4.9%,2.03,0.4838
0,9/34/80,20,2.5,3.0,7-16h,122,52.5,1.313,-6.8%,1.08,46,41.3,0.837,-9.8%,-0.73,0.4837
0,5/50/100,10,3.0,3.5,6-17h,125,53.6,1.314,-9.4%,1.17,43,53.5,1.327,-4.0%,1.13,0.4836
0,9/26/200,20,3.0,4.0,6-17h,117,50.4,1.325,-10.8%,1.2,46,45.7,1.109,-7.2%,0.45,0.4836
0,5/34/150,14,2.5,3.0,7-16h,123,52.8,1.32,-9.8%,1.16,47,42.6,0.877,-11.1%,-0.54,0.4827
0,9/42/100,14,3.0,3.0,7-16h,93,59.1,1.408,-9.6%,0.98,37,51.4,1.046,-5.9%,0.14,0.4823
0,5/50/80,20,3.0,3.0,7-16h,137,56.9,1.309,-7.7%,1.1,48,39.6,0.645,-12.3%,-1.62,0.4822
0,9/34/80,14,3.0,3.0,7-16h,113,57.5,1.338,-5.9%,0.98,42,45.2,0.819,-9.6%,-0.69,0.4822
0,5/50/150,14,3.0,2.5,7-16h,110,62.7,1.368,-6.7%,0.95,38,55.3,1.02,-7.0%,0.06,0.4821
0,9/26/150,20,2.0,3.0,7-16h,117,47.0,1.302,-9.6%,1.18,53,47.2,1.316,-5.9%,1.59,0.4821
0,9/42/150,10,2.5,3.5,6-17h,102,50.0,1.354,-12.9%,1.19,36,50.0,1.39,-7.0%,1.2,0.4817
0,12/26/200,10,3.0,3.5,7-16h,86,54.7,1.39,-6.7%,0.9,37,56.8,1.511,-4.9%,1.44,0.4817
0,9/26/100,14,3.0,4.0,6-17h,124,50.0,1.305,-10.5%,1.2,47,44.7,1.066,-8.7%,0.28,0.4816
0,5/26/200,20,2.5,2.5,7-16h,138,57.2,1.324,-10.5%,1.16,52,48.1,0.916,-8.7%,-0.37,0.4815
0,5/42/150,14,3.0,4.0,6-17h,118,50.0,1.301,-8.5%,1.13,42,47.6,1.203,-5.9%,0.75,0.4814
0,5/42/150,20,3.0,2.5,7-16h,110,62.7,1.373,-7.3%,0.95,44,56.8,1.087,-5.6%,0.28,0.4814
0,5/42/80,10,3.0,2.5,7-16h,127,62.2,1.35,-8.4%,1.03,47,48.9,0.791,-8.8%,-0.82,0.4812
0,9/42/100,20,2.5,3.5,7-16h,99,49.5,1.335,-8.7%,1.07,38,52.6,1.534,-3.2%,1.7,0.4811
0,9/26/150,20,2.5,3.5,7-16h,108,49.1,1.325,-9.1%,1.1,48,45.8,1.173,-6.1%,0.76,0.481
0,5/50/100,20,3.0,3.0,7-16h,120,57.5,1.33,-7.8%,1.04,44,45.5,0.824,-8.7%,-0.69,0.4808
0,9/42/150,10,1.5,3.0,7-16h,101,40.6,1.313,-13.3%,1.27,41,34.1,1.021,-7.8%,0.1,0.4808
0,5/42/200,20,3.0,4.0,6-17h,114,50.0,1.303,-7.8%,1.09,44,43.2,1.002,-6.2%,0.01,0.4806
0,9/26/200,14,3.0,4.0,6-17h,113,50.4,1.323,-10.8%,1.16,44,47.7,1.208,-6.8%,0.8,0.4805
0,9/42/100,14,3.0,3.5,7-16h,91,54.9,1.379,-9.3%,1.0,33,54.5,1.385,-4.8%,1.0,0.4805
0,12/34/200,10,3.0,3.5,7-16h,86,54.7,1.378,-6.5%,0.9,27,55.6,1.435,-3.9%,0.92,0.4805
0,9/42/150,14,1.5,3.0,7-16h,101,40.6,1.31,-13.3%,1.27,41,31.7,0.916,-7.8%,-0.4,0.4804
0,12/26/80,20,3.0,4.0,7-16h,105,50.5,1.335,-9.0%,1.07,45,42.2,0.963,-7.8%,-0.16,0.4804
0,9/42/200,14,2.5,4.0,6-17h,98,45.9,1.325,-9.1%,1.09,33,45.5,1.32,-5.9%,0.98,0.4801
0,9/42/200,10,2.0,4.0,7-16h,88,40.9,1.335,-11.5%,1.15,35,37.1,1.163,-5.9%,0.62,0.4798
0,5/50/200,20,3.0,2.5,7-16h,107,62.6,1.364,-6.3%,0.91,37,45.9,0.7,-10.3%,-0.97,0.4797
0,9/42/150,20,3.0,3.5,7-16h,85,55.3,1.393,-9.6%,0.97,32,53.1,1.308,-6.7%,0.79,0.4796
0,5/50/100,14,3.0,2.5,7-16h,122,62.3,1.35,-8.2%,1.0,42,54.8,1.0,-7.0%,-0.0,0.4795
0,5/42/80,20,3.0,2.5,7-16h,129,62.0,1.342,-8.4%,1.02,51,51.0,0.859,-9.3%,-0.58,0.4794
0,12/26/200,10,2.5,3.5,7-16h,91,49.5,1.357,-7.9%,0.97,39,51.3,1.456,-4.9%,1.52,0.479
0,5/42/150,14,3.0,3.5,6-17h,120,53.3,1.308,-8.2%,1.07,44,52.3,1.267,-4.8%,0.96,0.4788
0,5/42/200,10,3.0,3.5,6-17h,116,53.4,1.318,-8.2%,1.05,41,48.8,1.099,-5.9%,0.35,0.4787
0,9/42/150,20,2.0,3.0,7-16h,95,48.4,1.353,-13.2%,1.16,40,42.5,1.094,-5.9%,0.37,0.4786
0,5/34/200,10,2.5,3.0,7-16h,119,52.9,1.316,-10.4%,1.13,45,44.4,0.949,-9.8%,-0.21,0.4785
0,5/50/100,14,3.0,3.0,6-17h,130,56.9,1.313,-7.8%,1.04,46,52.2,1.08,-5.0%,0.3,0.4785
0,9/42/150,14,2.0,3.0,6-17h,112,47.3,1.305,-11.5%,1.18,44,43.2,1.125,-7.8%,0.54,0.4779
0,5/26/200,14,2.5,2.5,7-16h,135,57.0,1.311,-9.6%,1.1,53,47.2,0.883,-8.8%,-0.54,0.4778
0,5/42/150,20,3.0,3.5,6-17h,120,53.3,1.301,-8.2%,1.07,47,46.8,1.016,-5.1%,0.07,0.4778
0,9/34/200,10,3.0,3.0,6-17h,102,57.8,1.353,-6.8%,0.92,43,48.8,0.944,-7.8%,-0.2,0.4777
0,12/26/100,20,3.0,4.0,7-16h,95,50.5,1.338,-7.4%,0.97,43,46.5,1.147,-5.6%,0.57,0.4777
0,5/26/200,10,2.5,2.5,7-16h,135,57.0,1.308,-9.6%,1.1,54,46.3,0.852,-8.8%,-0.7,0.4774
0,5/50/200,20,3.0,3.0,7-16h,104,57.7,1.336,-5.9%,0.91,37,43.2,0.754,-9.6%,-0.84,0.4771
0,9/42/100,20,3.0,3.5,7-16h,92,54.3,1.353,-7.4%,0.93,36,55.6,1.439,-4.8%,1.23,0.4771
0,12/26/200,20,3.0,3.5,7-16h,86,54.7,1.387,-8.4%,0.9,40,47.5,1.044,-5.3%,0.16,0.477
0,9/42/150,14,2.5,4.0,7-16h,87,47.1,1.366,-13.7%,1.13,32,43.8,1.231,-5.1%,0.7,0.4769
0,12/26/80,10,2.5,3.0,7-16h,116,52.6,1.328,-9.2%,1.04,45,46.7,1.038,-7.4%,0.16,0.4768
0,5/42/200,10,3.0,2.5,6-17h,121,62.0,1.34,-7.4%,0.95,46,52.2,0.902,-5.3%,-0.36,0.4766
0,9/42/150,20,1.5,3.0,7-16h,98,40.8,1.311,-15.0%,1.27,41,34.1,1.021,-7.8%,0.1,0.4762
0,9/42/200,20,3.0,3.0,7-16h,85,58.8,1.389,-7.8%,0.86,34,50.0,0.99,-5.9%,-0.03,0.4759
0,5/50/200,14,3.0,2.5,6-17h,113,61.9,1.335,-5.6%,0.88,41,51.2,0.866,-7.3%,-0.44,0.4757
0,9/42/80,14,2.5,3.5,7-16h,116,49.1,1.307,-13.6%,1.21,40,47.5,1.253,-3.8%,0.91,0.475
0,9/42/200,14,2.5,3.0,7-16h,84,54.8,1.399,-12.5%,0.99,34,47.1,1.055,-5.5%,0.17,0.4747
0,5/50/150,20,3.0,3.0,7-16h,108,57.4,1.317,-5.9%,0.91,39,48.7,0.94,-7.8%,-0.2,0.4746
0,9/42/80,10,3.0,2.5,7-16h,114,62.3,1.346,-8.0%,0.93,39,48.7,0.78,-8.4%,-0.71,0.4746
0,9/42/150,14,3.0,3.5,7-16h,83,55.4,1.397,-11.6%,0.96,30,50.0,1.154,-6.7%,0.39,0.4745
0,5/50/200,20,3.0,2.5,6-17h,115,61.7,1.324,-5.6%,0.87,42,47.6,0.749,-9.0%,-0.9,0.4735
0,12/26/100,10,2.5,3.5,7-16h,103,48.5,1.302,-7.0%,0.96,42,52.4,1.526,-5.1%,1.85,0.4733
0,9/42/150,20,2.5,3.5,7-16h,88,50.0,1.352,-11.1%,1.01,34,50.0,1.385,-5.1%,1.13,0.4732
0,9/26/150,20,3.0,4.0,7-16h,101,50.5,1.334,-10.8%,1.03,45,46.7,1.156,-6.2%,0.63,0.473
0,9/42/200,20,3.0,4.0,6-17h,97,50.5,1.332,-9.6%,0.99,33,51.5,1.404,-5.9%,1.11,0.473
0,9/42/200,10,3.0,4.0,7-16h,78,51.3,1.367,-8.1%,0.87,28,46.4,1.142,-5.0%,0.36,0.4729
0,9/26/150,10,3.0,3.5,7-16h,102,53.9,1.341,-10.1%,0.98,45,55.6,1.448,-5.9%,1.55,0.4723
0,9/42/100,20,2.0,2.5,7-16h,110,51.8,1.311,-10.6%,1.05,44,47.7,1.127,-4.5%,0.5,0.4719
0,9/42/200,10,2.5,3.0,6-17h,99,53.5,1.345,-11.2%,1.01,35,51.4,1.26,-5.9%,0.75,0.4719
0,9/34/80,20,3.0,3.0,7-16h,112,57.1,1.314,-6.8%,0.91,45,42.2,0.727,-9.7%,-1.16,0.4718
0,9/34/100,10,3.0,3.0,7-16h,99,57.6,1.343,-6.8%,0.85,40,55.0,1.211,-6.8%,0.65,0.4715
0,9/26/150,10,2.5,3.0,7-16h,108,52.8,1.318,-9.8%,1.0,48,52.1,1.292,-6.4%,1.16,0.4713
0,9/26/200,14,2.5,4.0,7-16h,103,45.6,1.315,-12.4%,1.1,44,43.2,1.205,-5.9%,0.86,0.4713
0,9/42/150,10,2.0,4.0,7-16h,94,40.4,1.307,-13.2%,1.14,37,35.1,1.067,-6.8%,0.27,0.4709
0,9/42/150,14,2.5,4.0,6-17h,103,45.6,1.301,-11.8%,1.1,36,44.4,1.269,-7.0%,0.91,0.4709
0,12/26/200,14,3.0,4.0,7-16h,85,50.6,1.346,-8.1%,0.87,36,50.0,1.32,-4.9%,0.99,0.4702
0,9/26/150,14,3.0,4.0,7-16h,97,50.5,1.333,-10.8%,0.99,43,48.8,1.265,-6.5%,0.98,0.4701
0,5/26/200,10,3.0,2.5,7-16h,132,61.4,1.305,-8.2%,0.95,51,51.0,0.858,-9.8%,-0.58,0.47
0,5/50/100,20,3.0,2.5,7-16h,125,61.6,1.313,-8.2%,0.93,44,47.7,0.752,-9.8%,-0.92,0.4696
0,12/26/200,20,3.0,4.0,6-17h,101,49.5,1.3,-6.2%,0.88,42,42.9,0.988,-8.4%,-0.05,0.4693
0,9/42/100,14,2.5,3.0,7-16h,97,53.6,1.349,-12.3%,1.0,40,50.0,1.187,-4.5%,0.64,0.4691
0,9/42/200,14,3.0,3.5,6-17h,95,53.7,1.323,-7.6%,0.88,31,51.6,1.23,-5.9%,0.59,0.4689
0,9/34/100,20,3.0,3.0,7-16h,99,57.6,1.339,-7.7%,0.85,44,50.0,0.99,-6.9%,-0.04,0.4687
0,9/34/150,10,3.0,3.0,7-16h,88,58.0,1.352,-6.8%,0.79,40,55.0,1.211,-6.8%,0.65,0.4686
0,9/42/200,14,2.5,3.5,6-17h,98,49.0,1.311,-10.2%,0.98,34,50.0,1.384,-5.9%,1.13,0.4679
0,9/42/150,10,2.5,3.0,7-16h,88,54.5,1.379,-15.1%,1.02,34,50.0,1.189,-5.5%,0.54,0.4676
0,9/42/200,10,3.0,2.5,6-17h,96,62.5,1.358,-8.4%,0.8,35,48.6,0.779,-7.4%,-0.65,0.466
0,9/42/200,20,2.5,3.0,7-16h,86,53.5,1.344,-9.4%,0.86,34,47.1,1.055,-5.5%,0.17,0.4658
0,9/42/200,14,2.0,2.5,7-16h,91,52.7,1.345,-12.8%,0.97,38,44.7,1.001,-5.7%,0.0,0.4653
0,9/42/200,20,2.0,2.5,7-16h,91,52.7,1.345,-12.8%,0.97,37,45.9,1.05,-5.7%,0.17,0.4653
0,5/50/150,20,3.0,2.5,7-16h,112,61.6,1.307,-6.7%,0.82,39,51.3,0.867,-8.7%,-0.41,0.4649
0,9/42/100,20,2.5,3.0,7-16h,101,52.5,1.302,-8.2%,0.88,40,50.0,1.187,-4.5%,0.64,0.4647
0,9/34/200,10,2.5,3.0,7-16h,91,52.7,1.313,-7.5%,0.82,39,51.3,1.248,-7.4%,0.81,0.4636
0,12/26/200,10,3.0,3.0,7-16h,87,57.5,1.339,-6.8%,0.73,39,56.4,1.278,-5.0%,0.82,0.4626
0,9/42/200,14,3.0,2.5,7-16h,84,63.1,1.386,-9.9%,0.75,33,51.5,0.876,-6.8%,-0.33,0.4625
0,9/34/200,14,3.0,3.0,7-16h,85,57.6,1.337,-6.8%,0.73,39,51.3,1.042,-7.8%,0.13,0.4624
0,9/42/100,10,3.0,2.5,7-16h,93,62.4,1.35,-8.7%,0.76,37,51.4,0.87,-6.2%,-0.38,0.4615
0,12/26/150,10,3.0,3.5,7-16h,88,53.4,1.319,-7.7%,0.78,39,59.0,1.661,-4.9%,1.87,0.4611
0,12/26/150,20,3.0,3.5,7-16h,88,53.4,1.319,-7.7%,0.78,42,50.0,1.154,-5.9%,0.55,0.4611
0,9/42/200,14,3.0,3.0,6-17h,96,57.3,1.314,-7.8%,0.79,35,48.6,0.935,-6.8%,-0.19,0.461
0,9/26/200,10,3.0,3.5,7-16h,99,53.5,1.317,-11.1%,0.9,43,55.8,1.461,-5.9%,1.52,0.4609
0,9/42/150,10,3.0,3.5,6-17h,97,53.6,1.31,-10.5%,0.89,32,50.0,1.155,-7.6%,0.42,0.4606
0,12/26/80,20,3.0,3.0,7-16h,109,56.9,1.31,-9.6%,0.85,48,47.9,0.912,-6.9%,-0.37,0.4602
0,12/26/200,14,3.0,3.5,7-16h,86,53.5,1.322,-8.4%,0.77,37,56.8,1.511,-4.9%,1.44,0.4593
0,9/42/100,14,2.5,3.5,7-16h,96,49.0,1.301,-12.5%,0.95,37,51.4,1.456,-3.2%,1.45,0.4586
0,9/26/200,20,3.0,4.0,7-16h,98,50.0,1.305,-12.4%,0.93,43,46.5,1.148,-6.2%,0.57,0.4582
0,12/34/150,10,3.0,3.5,7-16h,86,53.5,1.311,-8.5%,0.77,30,53.3,1.315,-4.8%,0.77,0.4574
0,9/42/200,10,2.0,2.5,7-16h,92,52.2,1.316,-12.8%,0.91,39,43.6,0.956,-5.7%,-0.16,0.4573
0,9/26/200,14,3.0,4.0,7-16h,94,50.0,1.303,-12.0%,0.89,41,48.8,1.26,-5.9%,0.92,0.4561
0,9/42/150,14,3.0,3.0,7-16h,84,58.3,1.352,-12.3%,0.79,34,47.1,0.879,-7.8%,-0.36,0.4548
0,9/42/150,14,2.5,3.5,7-16h,87,49.4,1.318,-14.4%,0.92,33,48.5,1.302,-5.1%,0.88,0.4541
0,9/34/200,20,3.0,4.0,7-16h,84,50.0,1.303,-10.5%,0.78,38,50.0,1.315,-6.2%,1.04,0.4522
0,9/42/200,20,3.0,2.5,7-16h,86,61.6,1.306,-9.2%,0.62,34,52.9,0.929,-6.5%,-0.19,0.4446
